$$Component_Title,$$Component_Description,$$Component_Type,$$Rule_Id,$$Rule_Description,$$Profile_Source,$$Profile_Description,$$Control_Id_List,$$Namespace,$Parameter_Id,$Parameter_Description,$Parameter_Value_Alternatives,$Parameter_Value_Default,$Parameter_Id_1,$Parameter_Description_1,$Parameter_Value_Alternatives_1,$Parameter_Value_Default_1
Component title,Component description,software|service|...,ComplianceAsCode / check rule id,Short rule description,trestle://profiles/.../profile.json,Must match control-implementation.description for merge,Space-separated control ids,Property namespace,Parameter id,Parameter description,Comma-separated alternatives,Default / set-parameter value,Parameter id,Parameter description,Comma-separated alternatives,Default / set-parameter value
Red Hat Enterprise Linux 9,Red Hat Enterprise Linux 9,software,account_disable_post_pw_expiration,account disable post pw expiration,trestle://profiles/gs-plusplus-rhel-host/profile.json,"Grundschutz++-Anforderungen, umgesetzt durch Red Hat Enterprise Linux 9 (Artefakt gs-plusplus-rhel-host).",BER.2.5 BER.3.9,https://oscal-compass.github.io/compliance-trestle/schemas/oscal/cd,var_account_disable_post_pw_expiration,var account disable post pw expiration,"0,180,30,35,40,45,60,90",35,,,,
Red Hat Enterprise Linux 9,Red Hat Enterprise Linux 9,software,account_password_pam_faillock_password_auth,account password pam faillock password auth,trestle://profiles/gs-plusplus-rhel-host/profile.json,"Grundschutz++-Anforderungen, umgesetzt durch Red Hat Enterprise Linux 9 (Artefakt gs-plusplus-rhel-host).",BER.3.8 BER.3.10 BER.3.11,https://oscal-compass.github.io/compliance-trestle/schemas/oscal/cd,,,,,,,,
Red Hat Enterprise Linux 9,Red Hat Enterprise Linux 9,software,account_password_pam_faillock_system_auth,account password pam faillock system auth,trestle://profiles/gs-plusplus-rhel-host/profile.json,"Grundschutz++-Anforderungen, umgesetzt durch Red Hat Enterprise Linux 9 (Artefakt gs-plusplus-rhel-host).",BER.3.8 BER.3.10 BER.3.11,https://oscal-compass.github.io/compliance-trestle/schemas/oscal/cd,,,,,,,,
Red Hat Enterprise Linux 9,Red Hat Enterprise Linux 9,software,account_password_pam_modules_in_authselect_profile,account password pam modules in authselect profile,trestle://profiles/gs-plusplus-rhel-host/profile.json,"Grundschutz++-Anforderungen, umgesetzt durch Red Hat Enterprise Linux 9 (Artefakt gs-plusplus-rhel-host).",KONF.5.1,https://oscal-compass.github.io/compliance-trestle/schemas/oscal/cd,,,,,,,,
Red Hat Enterprise Linux 9,Red Hat Enterprise Linux 9,software,account_password_pam_unix_enabled,account password pam unix enabled,trestle://profiles/gs-plusplus-rhel-host/profile.json,"Grundschutz++-Anforderungen, umgesetzt durch Red Hat Enterprise Linux 9 (Artefakt gs-plusplus-rhel-host).",KONF.5.1,https://oscal-compass.github.io/compliance-trestle/schemas/oscal/cd,,,,,,,,
Red Hat Enterprise Linux 9,Red Hat Enterprise Linux 9,software,account_temp_expire_date,account temp expire date,trestle://profiles/gs-plusplus-rhel-host/profile.json,"Grundschutz++-Anforderungen, umgesetzt durch Red Hat Enterprise Linux 9 (Artefakt gs-plusplus-rhel-host).",BER.2.5,https://oscal-compass.github.io/compliance-trestle/schemas/oscal/cd,,,,,,,,
Red Hat Enterprise Linux 9,Red Hat Enterprise Linux 9,software,account_unique_id,account unique id,trestle://profiles/gs-plusplus-rhel-host/profile.json,"Grundschutz++-Anforderungen, umgesetzt durch Red Hat Enterprise Linux 9 (Artefakt gs-plusplus-rhel-host).",BER.2.1 BER.3.5,https://oscal-compass.github.io/compliance-trestle/schemas/oscal/cd,,,,,,,,
Red Hat Enterprise Linux 9,Red Hat Enterprise Linux 9,software,account_use_centralized_automated_auth,account use centralized automated auth,trestle://profiles/gs-plusplus-rhel-host/profile.json,"Grundschutz++-Anforderungen, umgesetzt durch Red Hat Enterprise Linux 9 (Artefakt gs-plusplus-rhel-host).",BER.3.1 BER.3.7 BER.3.15 BER.3.14,https://oscal-compass.github.io/compliance-trestle/schemas/oscal/cd,,,,,,,,
Red Hat Enterprise Linux 9,Red Hat Enterprise Linux 9,software,accounts_authorized_local_users,accounts authorized local users,trestle://profiles/gs-plusplus-rhel-host/profile.json,"Grundschutz++-Anforderungen, umgesetzt durch Red Hat Enterprise Linux 9 (Artefakt gs-plusplus-rhel-host).",BER.2.6 BER.3.5,https://oscal-compass.github.io/compliance-trestle/schemas/oscal/cd,,,,,,,,
Red Hat Enterprise Linux 9,Red Hat Enterprise Linux 9,software,accounts_max_concurrent_login_sessions,accounts max concurrent login sessions,trestle://profiles/gs-plusplus-rhel-host/profile.json,"Grundschutz++-Anforderungen, umgesetzt durch Red Hat Enterprise Linux 9 (Artefakt gs-plusplus-rhel-host).",KONF.5.2,https://oscal-compass.github.io/compliance-trestle/schemas/oscal/cd,var_accounts_max_concurrent_login_sessions,var accounts max concurrent login sessions,"1,10,15,20,3,5",1,,,,
Red Hat Enterprise Linux 9,Red Hat Enterprise Linux 9,software,accounts_no_uid_except_zero,accounts no uid except zero,trestle://profiles/gs-plusplus-rhel-host/profile.json,"Grundschutz++-Anforderungen, umgesetzt durch Red Hat Enterprise Linux 9 (Artefakt gs-plusplus-rhel-host).",BER.4.1 KONF.6.4,https://oscal-compass.github.io/compliance-trestle/schemas/oscal/cd,,,,,,,,
Red Hat Enterprise Linux 9,Red Hat Enterprise Linux 9,software,accounts_password_all_shadowed,accounts password all shadowed,trestle://profiles/gs-plusplus-rhel-host/profile.json,"Grundschutz++-Anforderungen, umgesetzt durch Red Hat Enterprise Linux 9 (Artefakt gs-plusplus-rhel-host).",BER.5.10,https://oscal-compass.github.io/compliance-trestle/schemas/oscal/cd,,,,,,,,
Red Hat Enterprise Linux 9,Red Hat Enterprise Linux 9,software,accounts_password_pam_dcredit,accounts password pam dcredit,trestle://profiles/gs-plusplus-rhel-host/profile.json,"Grundschutz++-Anforderungen, umgesetzt durch Red Hat Enterprise Linux 9 (Artefakt gs-plusplus-rhel-host).",BER.6.4,https://oscal-compass.github.io/compliance-trestle/schemas/oscal/cd,var_password_pam_dcredit,var password pam dcredit,"0,-1,-2",-1,,,,
Red Hat Enterprise Linux 9,Red Hat Enterprise Linux 9,software,accounts_password_pam_dictcheck,accounts password pam dictcheck,trestle://profiles/gs-plusplus-rhel-host/profile.json,"Grundschutz++-Anforderungen, umgesetzt durch Red Hat Enterprise Linux 9 (Artefakt gs-plusplus-rhel-host).",BER.6.3 BER.6.4,https://oscal-compass.github.io/compliance-trestle/schemas/oscal/cd,var_password_pam_dictcheck,var password pam dictcheck,1,1,,,,
Red Hat Enterprise Linux 9,Red Hat Enterprise Linux 9,software,accounts_password_pam_lcredit,accounts password pam lcredit,trestle://profiles/gs-plusplus-rhel-host/profile.json,"Grundschutz++-Anforderungen, umgesetzt durch Red Hat Enterprise Linux 9 (Artefakt gs-plusplus-rhel-host).",BER.6.4,https://oscal-compass.github.io/compliance-trestle/schemas/oscal/cd,var_password_pam_lcredit,var password pam lcredit,"0,-1,-2",-1,,,,
Red Hat Enterprise Linux 9,Red Hat Enterprise Linux 9,software,accounts_password_pam_maxrepeat,accounts password pam maxrepeat,trestle://profiles/gs-plusplus-rhel-host/profile.json,"Grundschutz++-Anforderungen, umgesetzt durch Red Hat Enterprise Linux 9 (Artefakt gs-plusplus-rhel-host).",BER.6.3,https://oscal-compass.github.io/compliance-trestle/schemas/oscal/cd,var_password_pam_maxrepeat,var password pam maxrepeat,3,3,,,,
Red Hat Enterprise Linux 9,Red Hat Enterprise Linux 9,software,accounts_password_pam_maxsequence,accounts password pam maxsequence,trestle://profiles/gs-plusplus-rhel-host/profile.json,"Grundschutz++-Anforderungen, umgesetzt durch Red Hat Enterprise Linux 9 (Artefakt gs-plusplus-rhel-host).",BER.6.3,https://oscal-compass.github.io/compliance-trestle/schemas/oscal/cd,var_password_pam_maxsequence,var password pam maxsequence,3,3,,,,
Red Hat Enterprise Linux 9,Red Hat Enterprise Linux 9,software,accounts_password_pam_minclass,accounts password pam minclass,trestle://profiles/gs-plusplus-rhel-host/profile.json,"Grundschutz++-Anforderungen, umgesetzt durch Red Hat Enterprise Linux 9 (Artefakt gs-plusplus-rhel-host).",BER.6.4,https://oscal-compass.github.io/compliance-trestle/schemas/oscal/cd,var_password_pam_minclass,var password pam minclass,"1,2,3,4",3,,,,
Red Hat Enterprise Linux 9,Red Hat Enterprise Linux 9,software,accounts_password_pam_minlen,accounts password pam minlen,trestle://profiles/gs-plusplus-rhel-host/profile.json,"Grundschutz++-Anforderungen, umgesetzt durch Red Hat Enterprise Linux 9 (Artefakt gs-plusplus-rhel-host).",BER.6.4,https://oscal-compass.github.io/compliance-trestle/schemas/oscal/cd,var_password_pam_minlen,var password pam minlen,"10,12,14,15,17,18,20,6,7,8",15,,,,
Red Hat Enterprise Linux 9,Red Hat Enterprise Linux 9,software,accounts_password_pam_ocredit,accounts password pam ocredit,trestle://profiles/gs-plusplus-rhel-host/profile.json,"Grundschutz++-Anforderungen, umgesetzt durch Red Hat Enterprise Linux 9 (Artefakt gs-plusplus-rhel-host).",BER.6.4,https://oscal-compass.github.io/compliance-trestle/schemas/oscal/cd,var_password_pam_ocredit,var password pam ocredit,"0,-1,-2",-1,,,,
Red Hat Enterprise Linux 9,Red Hat Enterprise Linux 9,software,accounts_password_pam_pwhistory_enforce_for_root,accounts password pam pwhistory enforce for root,trestle://profiles/gs-plusplus-rhel-host/profile.json,"Grundschutz++-Anforderungen, umgesetzt durch Red Hat Enterprise Linux 9 (Artefakt gs-plusplus-rhel-host).",BER.6.2,https://oscal-compass.github.io/compliance-trestle/schemas/oscal/cd,,,,,,,,
Red Hat Enterprise Linux 9,Red Hat Enterprise Linux 9,software,accounts_password_pam_pwhistory_remember_password_auth,accounts password pam pwhistory remember password auth,trestle://profiles/gs-plusplus-rhel-host/profile.json,"Grundschutz++-Anforderungen, umgesetzt durch Red Hat Enterprise Linux 9 (Artefakt gs-plusplus-rhel-host).",BER.6.2,https://oscal-compass.github.io/compliance-trestle/schemas/oscal/cd,,,,,,,,
Red Hat Enterprise Linux 9,Red Hat Enterprise Linux 9,software,accounts_password_pam_pwhistory_remember_system_auth,accounts password pam pwhistory remember system auth,trestle://profiles/gs-plusplus-rhel-host/profile.json,"Grundschutz++-Anforderungen, umgesetzt durch Red Hat Enterprise Linux 9 (Artefakt gs-plusplus-rhel-host).",BER.6.2,https://oscal-compass.github.io/compliance-trestle/schemas/oscal/cd,var_password_pam_remember,var password pam remember,"0,1,2,3,4,5,6,7,8,9,20,24",5,var_password_pam_remember_control_flag,var password pam remember control flag,"required,optional,requisite,sufficient,binding,required,requisite,requisite,required",requisite
Red Hat Enterprise Linux 9,Red Hat Enterprise Linux 9,software,accounts_password_pam_pwquality_password_auth,accounts password pam pwquality password auth,trestle://profiles/gs-plusplus-rhel-host/profile.json,"Grundschutz++-Anforderungen, umgesetzt durch Red Hat Enterprise Linux 9 (Artefakt gs-plusplus-rhel-host).",BER.6.3 BER.6.4,https://oscal-compass.github.io/compliance-trestle/schemas/oscal/cd,,,,,,,,
Red Hat Enterprise Linux 9,Red Hat Enterprise Linux 9,software,accounts_password_pam_pwquality_system_auth,accounts password pam pwquality system auth,trestle://profiles/gs-plusplus-rhel-host/profile.json,"Grundschutz++-Anforderungen, umgesetzt durch Red Hat Enterprise Linux 9 (Artefakt gs-plusplus-rhel-host).",BER.6.3 BER.6.4,https://oscal-compass.github.io/compliance-trestle/schemas/oscal/cd,,,,,,,,
Red Hat Enterprise Linux 9,Red Hat Enterprise Linux 9,software,accounts_password_pam_ucredit,accounts password pam ucredit,trestle://profiles/gs-plusplus-rhel-host/profile.json,"Grundschutz++-Anforderungen, umgesetzt durch Red Hat Enterprise Linux 9 (Artefakt gs-plusplus-rhel-host).",BER.6.4,https://oscal-compass.github.io/compliance-trestle/schemas/oscal/cd,var_password_pam_ucredit,var password pam ucredit,"0,-1,-2",-1,,,,
Red Hat Enterprise Linux 9,Red Hat Enterprise Linux 9,software,accounts_passwords_pam_faillock_deny,accounts passwords pam faillock deny,trestle://profiles/gs-plusplus-rhel-host/profile.json,"Grundschutz++-Anforderungen, umgesetzt durch Red Hat Enterprise Linux 9 (Artefakt gs-plusplus-rhel-host).",BER.3.10 BER.3.11,https://oscal-compass.github.io/compliance-trestle/schemas/oscal/cd,var_accounts_passwords_pam_faillock_deny,var accounts passwords pam faillock deny,"10,3,4,5,6,8",3,,,,
Red Hat Enterprise Linux 9,Red Hat Enterprise Linux 9,software,accounts_passwords_pam_faillock_deny_root,accounts passwords pam faillock deny root,trestle://profiles/gs-plusplus-rhel-host/profile.json,"Grundschutz++-Anforderungen, umgesetzt durch Red Hat Enterprise Linux 9 (Artefakt gs-plusplus-rhel-host).",BER.3.10,https://oscal-compass.github.io/compliance-trestle/schemas/oscal/cd,,,,,,,,
Red Hat Enterprise Linux 9,Red Hat Enterprise Linux 9,software,accounts_passwords_pam_faillock_enabled,accounts passwords pam faillock enabled,trestle://profiles/gs-plusplus-rhel-host/profile.json,"Grundschutz++-Anforderungen, umgesetzt durch Red Hat Enterprise Linux 9 (Artefakt gs-plusplus-rhel-host).",BER.3.10 BER.3.11,https://oscal-compass.github.io/compliance-trestle/schemas/oscal/cd,,,,,,,,
Red Hat Enterprise Linux 9,Red Hat Enterprise Linux 9,software,accounts_passwords_pam_faillock_even_deny_root_or_root_unlock_time,accounts passwords pam faillock even deny root or root unlock time,trestle://profiles/gs-plusplus-rhel-host/profile.json,"Grundschutz++-Anforderungen, umgesetzt durch Red Hat Enterprise Linux 9 (Artefakt gs-plusplus-rhel-host).",BER.3.10,https://oscal-compass.github.io/compliance-trestle/schemas/oscal/cd,var_accounts_passwords_pam_faillock_root_unlock_time,var accounts passwords pam faillock root unlock time,"60,1800,3600,600,604800,86400,900,300,0",0,,,,
Red Hat Enterprise Linux 9,Red Hat Enterprise Linux 9,software,accounts_passwords_pam_faillock_interval,accounts passwords pam faillock interval,trestle://profiles/gs-plusplus-rhel-host/profile.json,"Grundschutz++-Anforderungen, umgesetzt durch Red Hat Enterprise Linux 9 (Artefakt gs-plusplus-rhel-host).",BER.3.10 BER.3.11,https://oscal-compass.github.io/compliance-trestle/schemas/oscal/cd,var_accounts_passwords_pam_faillock_fail_interval,var accounts passwords pam faillock fail interval,"100000000,1800,3600,86400,900",900,,,,
Red Hat Enterprise Linux 9,Red Hat Enterprise Linux 9,software,accounts_passwords_pam_faillock_silent,accounts passwords pam faillock silent,trestle://profiles/gs-plusplus-rhel-host/profile.json,"Grundschutz++-Anforderungen, umgesetzt durch Red Hat Enterprise Linux 9 (Artefakt gs-plusplus-rhel-host).",BER.3.8,https://oscal-compass.github.io/compliance-trestle/schemas/oscal/cd,,,,,,,,
Red Hat Enterprise Linux 9,Red Hat Enterprise Linux 9,software,accounts_passwords_pam_faillock_unlock_time,accounts passwords pam faillock unlock time,trestle://profiles/gs-plusplus-rhel-host/profile.json,"Grundschutz++-Anforderungen, umgesetzt durch Red Hat Enterprise Linux 9 (Artefakt gs-plusplus-rhel-host).",BER.3.10 BER.3.11,https://oscal-compass.github.io/compliance-trestle/schemas/oscal/cd,var_accounts_passwords_pam_faillock_unlock_time,var accounts passwords pam faillock unlock time,"1800,3600,600,604800,86400,900,300,0",0,,,,
Red Hat Enterprise Linux 9,Red Hat Enterprise Linux 9,software,accounts_tmout,accounts tmout,trestle://profiles/gs-plusplus-rhel-host/profile.json,"Grundschutz++-Anforderungen, umgesetzt durch Red Hat Enterprise Linux 9 (Artefakt gs-plusplus-rhel-host).",BER.3.12 KONF.5.2,https://oscal-compass.github.io/compliance-trestle/schemas/oscal/cd,var_accounts_tmout,var accounts tmout,"1800,600,900,300",600,,,,
Red Hat Enterprise Linux 9,Red Hat Enterprise Linux 9,software,aide_build_database,aide build database,trestle://profiles/gs-plusplus-rhel-host/profile.json,"Grundschutz++-Anforderungen, umgesetzt durch Red Hat Enterprise Linux 9 (Artefakt gs-plusplus-rhel-host).",BER.7.11 DET.4.2 KONF.2.5 KONF.7.2 KONF.7.3,https://oscal-compass.github.io/compliance-trestle/schemas/oscal/cd,,,,,,,,
Red Hat Enterprise Linux 9,Red Hat Enterprise Linux 9,software,aide_periodic_cron_checking,aide periodic cron checking,trestle://profiles/gs-plusplus-rhel-host/profile.json,"Grundschutz++-Anforderungen, umgesetzt durch Red Hat Enterprise Linux 9 (Artefakt gs-plusplus-rhel-host).",BER.7.11 DET.4.2 KONF.2.5 KONF.7.2 KONF.7.3,https://oscal-compass.github.io/compliance-trestle/schemas/oscal/cd,,,,,,,,
Red Hat Enterprise Linux 9,Red Hat Enterprise Linux 9,software,aide_scan_notification,aide scan notification,trestle://profiles/gs-plusplus-rhel-host/profile.json,"Grundschutz++-Anforderungen, umgesetzt durch Red Hat Enterprise Linux 9 (Artefakt gs-plusplus-rhel-host).",BER.7.11 DET.4.2 KONF.2.5 KONF.7.2 KONF.7.3 KONF.7.5,https://oscal-compass.github.io/compliance-trestle/schemas/oscal/cd,,,,,,,,
Red Hat Enterprise Linux 9,Red Hat Enterprise Linux 9,software,audit_rules_etc_group_open,audit rules etc group open,trestle://profiles/gs-plusplus-rhel-host/profile.json,"Grundschutz++-Anforderungen, umgesetzt durch Red Hat Enterprise Linux 9 (Artefakt gs-plusplus-rhel-host).",BER.3.4,https://oscal-compass.github.io/compliance-trestle/schemas/oscal/cd,,,,,,,,
Red Hat Enterprise Linux 9,Red Hat Enterprise Linux 9,software,audit_rules_etc_gshadow_open,audit rules etc gshadow open,trestle://profiles/gs-plusplus-rhel-host/profile.json,"Grundschutz++-Anforderungen, umgesetzt durch Red Hat Enterprise Linux 9 (Artefakt gs-plusplus-rhel-host).",BER.3.4,https://oscal-compass.github.io/compliance-trestle/schemas/oscal/cd,,,,,,,,
Red Hat Enterprise Linux 9,Red Hat Enterprise Linux 9,software,audit_rules_etc_passwd_open,audit rules etc passwd open,trestle://profiles/gs-plusplus-rhel-host/profile.json,"Grundschutz++-Anforderungen, umgesetzt durch Red Hat Enterprise Linux 9 (Artefakt gs-plusplus-rhel-host).",BER.3.4,https://oscal-compass.github.io/compliance-trestle/schemas/oscal/cd,,,,,,,,
Red Hat Enterprise Linux 9,Red Hat Enterprise Linux 9,software,audit_rules_etc_shadow_open,audit rules etc shadow open,trestle://profiles/gs-plusplus-rhel-host/profile.json,"Grundschutz++-Anforderungen, umgesetzt durch Red Hat Enterprise Linux 9 (Artefakt gs-plusplus-rhel-host).",BER.3.4,https://oscal-compass.github.io/compliance-trestle/schemas/oscal/cd,,,,,,,,
Red Hat Enterprise Linux 9,Red Hat Enterprise Linux 9,software,audit_rules_immutable,audit rules immutable,trestle://profiles/gs-plusplus-rhel-host/profile.json,"Grundschutz++-Anforderungen, umgesetzt durch Red Hat Enterprise Linux 9 (Artefakt gs-plusplus-rhel-host).",DET.3.4 DET.3.5,https://oscal-compass.github.io/compliance-trestle/schemas/oscal/cd,,,,,,,,
Red Hat Enterprise Linux 9,Red Hat Enterprise Linux 9,software,audit_rules_login_events_faillog,audit rules login events faillog,trestle://profiles/gs-plusplus-rhel-host/profile.json,"Grundschutz++-Anforderungen, umgesetzt durch Red Hat Enterprise Linux 9 (Artefakt gs-plusplus-rhel-host).",DET.3.1.1,https://oscal-compass.github.io/compliance-trestle/schemas/oscal/cd,,,,,,,,
Red Hat Enterprise Linux 9,Red Hat Enterprise Linux 9,software,audit_rules_usergroup_modification_passwd,audit rules usergroup modification passwd,trestle://profiles/gs-plusplus-rhel-host/profile.json,"Grundschutz++-Anforderungen, umgesetzt durch Red Hat Enterprise Linux 9 (Artefakt gs-plusplus-rhel-host).",BER.2.4,https://oscal-compass.github.io/compliance-trestle/schemas/oscal/cd,,,,,,,,
Red Hat Enterprise Linux 9,Red Hat Enterprise Linux 9,software,audit_rules_var_log_journal,audit rules var log journal,trestle://profiles/gs-plusplus-rhel-host/profile.json,"Grundschutz++-Anforderungen, umgesetzt durch Red Hat Enterprise Linux 9 (Artefakt gs-plusplus-rhel-host).",DET.3.1.4,https://oscal-compass.github.io/compliance-trestle/schemas/oscal/cd,,,,,,,,
Red Hat Enterprise Linux 9,Red Hat Enterprise Linux 9,software,auditd_data_retention_space_left,auditd data retention space left,trestle://profiles/gs-plusplus-rhel-host/profile.json,"Grundschutz++-Anforderungen, umgesetzt durch Red Hat Enterprise Linux 9 (Artefakt gs-plusplus-rhel-host).",DET.3.3,https://oscal-compass.github.io/compliance-trestle/schemas/oscal/cd,,,,,,,,
Red Hat Enterprise Linux 9,Red Hat Enterprise Linux 9,software,configure_crypto_policy,configure crypto policy,trestle://profiles/gs-plusplus-rhel-host/profile.json,"Grundschutz++-Anforderungen, umgesetzt durch Red Hat Enterprise Linux 9 (Artefakt gs-plusplus-rhel-host).",BER.5.4 BER.7.1 BER.7.2 BER.7.6 BER.7.8 KONF.5.1,https://oscal-compass.github.io/compliance-trestle/schemas/oscal/cd,var_system_crypto_policy,var system crypto policy,"DEFAULT,DEFAULT:NO-SHA1,FIPS,FIPS:OSPP,FIPS:STIG,LEGACY,FUTURE,NEXT",DEFAULT,,,,
Red Hat Enterprise Linux 9,Red Hat Enterprise Linux 9,software,configure_gnutls_tls_crypto_policy,configure gnutls tls crypto policy,trestle://profiles/gs-plusplus-rhel-host/profile.json,"Grundschutz++-Anforderungen, umgesetzt durch Red Hat Enterprise Linux 9 (Artefakt gs-plusplus-rhel-host).",BER.7.1 BER.7.6 BER.7.8,https://oscal-compass.github.io/compliance-trestle/schemas/oscal/cd,,,,,,,,
Red Hat Enterprise Linux 9,Red Hat Enterprise Linux 9,software,configure_kerberos_crypto_policy,configure kerberos crypto policy,trestle://profiles/gs-plusplus-rhel-host/profile.json,"Grundschutz++-Anforderungen, umgesetzt durch Red Hat Enterprise Linux 9 (Artefakt gs-plusplus-rhel-host).",BER.5.4 BER.7.1 BER.7.6 BER.7.8,https://oscal-compass.github.io/compliance-trestle/schemas/oscal/cd,,,,,,,,
Red Hat Enterprise Linux 9,Red Hat Enterprise Linux 9,software,configure_libreswan_crypto_policy,configure libreswan crypto policy,trestle://profiles/gs-plusplus-rhel-host/profile.json,"Grundschutz++-Anforderungen, umgesetzt durch Red Hat Enterprise Linux 9 (Artefakt gs-plusplus-rhel-host).",BER.7.1 BER.7.6 BER.7.8,https://oscal-compass.github.io/compliance-trestle/schemas/oscal/cd,,,,,,,,
Red Hat Enterprise Linux 9,Red Hat Enterprise Linux 9,software,configure_openssl_crypto_policy,configure openssl crypto policy,trestle://profiles/gs-plusplus-rhel-host/profile.json,"Grundschutz++-Anforderungen, umgesetzt durch Red Hat Enterprise Linux 9 (Artefakt gs-plusplus-rhel-host).",BER.5.4 BER.7.1 BER.7.6 BER.7.8,https://oscal-compass.github.io/compliance-trestle/schemas/oscal/cd,,,,,,,,
Red Hat Enterprise Linux 9,Red Hat Enterprise Linux 9,software,configure_openssl_tls_crypto_policy,configure openssl tls crypto policy,trestle://profiles/gs-plusplus-rhel-host/profile.json,"Grundschutz++-Anforderungen, umgesetzt durch Red Hat Enterprise Linux 9 (Artefakt gs-plusplus-rhel-host).",BER.7.1 BER.7.6 BER.7.8,https://oscal-compass.github.io/compliance-trestle/schemas/oscal/cd,,,,,,,,
Red Hat Enterprise Linux 9,Red Hat Enterprise Linux 9,software,configure_ssh_crypto_policy,configure ssh crypto policy,trestle://profiles/gs-plusplus-rhel-host/profile.json,"Grundschutz++-Anforderungen, umgesetzt durch Red Hat Enterprise Linux 9 (Artefakt gs-plusplus-rhel-host).",BER.5.4 BER.7.1 BER.7.6 BER.7.8,https://oscal-compass.github.io/compliance-trestle/schemas/oscal/cd,,,,,,,,
Red Hat Enterprise Linux 9,Red Hat Enterprise Linux 9,software,configured_firewalld_default_deny,configured firewalld default deny,trestle://profiles/gs-plusplus-rhel-host/profile.json,"Grundschutz++-Anforderungen, umgesetzt durch Red Hat Enterprise Linux 9 (Artefakt gs-plusplus-rhel-host).",KONF.7.15,https://oscal-compass.github.io/compliance-trestle/schemas/oscal/cd,,,,,,,,
Red Hat Enterprise Linux 9,Red Hat Enterprise Linux 9,software,crypto_policy_not_legacy,crypto policy not legacy,trestle://profiles/gs-plusplus-rhel-host/profile.json,"Grundschutz++-Anforderungen, umgesetzt durch Red Hat Enterprise Linux 9 (Artefakt gs-plusplus-rhel-host).",BER.7.1 BER.7.2 BER.7.6 BER.7.8,https://oscal-compass.github.io/compliance-trestle/schemas/oscal/cd,,,,,,,,
Red Hat Enterprise Linux 9,Red Hat Enterprise Linux 9,software,crypto_policy_not_overridden,crypto policy not overridden,trestle://profiles/gs-plusplus-rhel-host/profile.json,"Grundschutz++-Anforderungen, umgesetzt durch Red Hat Enterprise Linux 9 (Artefakt gs-plusplus-rhel-host).",BER.7.1 BER.7.6 BER.7.8,https://oscal-compass.github.io/compliance-trestle/schemas/oscal/cd,,,,,,,,
Red Hat Enterprise Linux 9,Red Hat Enterprise Linux 9,software,dconf_gnome_disable_automount,dconf gnome disable automount,trestle://profiles/gs-plusplus-rhel-host/profile.json,"Grundschutz++-Anforderungen, umgesetzt durch Red Hat Enterprise Linux 9 (Artefakt gs-plusplus-rhel-host).",KONF.3.8,https://oscal-compass.github.io/compliance-trestle/schemas/oscal/cd,,,,,,,,
Red Hat Enterprise Linux 9,Red Hat Enterprise Linux 9,software,dconf_gnome_disable_automount_open,dconf gnome disable automount open,trestle://profiles/gs-plusplus-rhel-host/profile.json,"Grundschutz++-Anforderungen, umgesetzt durch Red Hat Enterprise Linux 9 (Artefakt gs-plusplus-rhel-host).",KONF.3.8,https://oscal-compass.github.io/compliance-trestle/schemas/oscal/cd,,,,,,,,
Red Hat Enterprise Linux 9,Red Hat Enterprise Linux 9,software,dconf_gnome_disable_autorun,dconf gnome disable autorun,trestle://profiles/gs-plusplus-rhel-host/profile.json,"Grundschutz++-Anforderungen, umgesetzt durch Red Hat Enterprise Linux 9 (Artefakt gs-plusplus-rhel-host).",KONF.3.8,https://oscal-compass.github.io/compliance-trestle/schemas/oscal/cd,,,,,,,,
Red Hat Enterprise Linux 9,Red Hat Enterprise Linux 9,software,dconf_gnome_screensaver_idle_activation_enabled,dconf gnome screensaver idle activation enabled,trestle://profiles/gs-plusplus-rhel-host/profile.json,"Grundschutz++-Anforderungen, umgesetzt durch Red Hat Enterprise Linux 9 (Artefakt gs-plusplus-rhel-host).",BER.3.12,https://oscal-compass.github.io/compliance-trestle/schemas/oscal/cd,,,,,,,,
Red Hat Enterprise Linux 9,Red Hat Enterprise Linux 9,software,dconf_gnome_screensaver_idle_delay,dconf gnome screensaver idle delay,trestle://profiles/gs-plusplus-rhel-host/profile.json,"Grundschutz++-Anforderungen, umgesetzt durch Red Hat Enterprise Linux 9 (Artefakt gs-plusplus-rhel-host).",BER.3.12 KONF.5.1,https://oscal-compass.github.io/compliance-trestle/schemas/oscal/cd,inactivity_timeout_value,inactivity timeout value,"600,900,1800,300",900,,,,
Red Hat Enterprise Linux 9,Red Hat Enterprise Linux 9,software,dconf_gnome_screensaver_lock_delay,dconf gnome screensaver lock delay,trestle://profiles/gs-plusplus-rhel-host/profile.json,"Grundschutz++-Anforderungen, umgesetzt durch Red Hat Enterprise Linux 9 (Artefakt gs-plusplus-rhel-host).",BER.3.12 KONF.5.1,https://oscal-compass.github.io/compliance-trestle/schemas/oscal/cd,var_screensaver_lock_delay,var screensaver lock delay,"10,5,0",0,,,,
Red Hat Enterprise Linux 9,Red Hat Enterprise Linux 9,software,dconf_gnome_screensaver_lock_enabled,dconf gnome screensaver lock enabled,trestle://profiles/gs-plusplus-rhel-host/profile.json,"Grundschutz++-Anforderungen, umgesetzt durch Red Hat Enterprise Linux 9 (Artefakt gs-plusplus-rhel-host).",BER.3.12 KONF.5.1,https://oscal-compass.github.io/compliance-trestle/schemas/oscal/cd,,,,,,,,
Red Hat Enterprise Linux 9,Red Hat Enterprise Linux 9,software,dconf_gnome_screensaver_user_locks,dconf gnome screensaver user locks,trestle://profiles/gs-plusplus-rhel-host/profile.json,"Grundschutz++-Anforderungen, umgesetzt durch Red Hat Enterprise Linux 9 (Artefakt gs-plusplus-rhel-host).",KONF.5.1,https://oscal-compass.github.io/compliance-trestle/schemas/oscal/cd,,,,,,,,
Red Hat Enterprise Linux 9,Red Hat Enterprise Linux 9,software,dconf_gnome_session_idle_user_locks,dconf gnome session idle user locks,trestle://profiles/gs-plusplus-rhel-host/profile.json,"Grundschutz++-Anforderungen, umgesetzt durch Red Hat Enterprise Linux 9 (Artefakt gs-plusplus-rhel-host).",BER.3.12,https://oscal-compass.github.io/compliance-trestle/schemas/oscal/cd,,,,,,,,
Red Hat Enterprise Linux 9,Red Hat Enterprise Linux 9,software,enable_authselect,enable authselect,trestle://profiles/gs-plusplus-rhel-host/profile.json,"Grundschutz++-Anforderungen, umgesetzt durch Red Hat Enterprise Linux 9 (Artefakt gs-plusplus-rhel-host).",KONF.4.1 KONF.5.1,https://oscal-compass.github.io/compliance-trestle/schemas/oscal/cd,var_authselect_profile,var authselect profile,"local,minimal,sssd",sssd,,,,
Red Hat Enterprise Linux 9,Red Hat Enterprise Linux 9,software,encrypt_partitions,encrypt partitions,trestle://profiles/gs-plusplus-rhel-host/profile.json,"Grundschutz++-Anforderungen, umgesetzt durch Red Hat Enterprise Linux 9 (Artefakt gs-plusplus-rhel-host).",KONF.3.2 KONF.11.8,https://oscal-compass.github.io/compliance-trestle/schemas/oscal/cd,,,,,,,,
Red Hat Enterprise Linux 9,Red Hat Enterprise Linux 9,software,ensure_gpgcheck_globally_activated,ensure gpgcheck globally activated,trestle://profiles/gs-plusplus-rhel-host/profile.json,"Grundschutz++-Anforderungen, umgesetzt durch Red Hat Enterprise Linux 9 (Artefakt gs-plusplus-rhel-host).",DET.5.10.1 KONF.7.1 KONF.7.2,https://oscal-compass.github.io/compliance-trestle/schemas/oscal/cd,,,,,,,,
Red Hat Enterprise Linux 9,Red Hat Enterprise Linux 9,software,ensure_gpgcheck_local_packages,ensure gpgcheck local packages,trestle://profiles/gs-plusplus-rhel-host/profile.json,"Grundschutz++-Anforderungen, umgesetzt durch Red Hat Enterprise Linux 9 (Artefakt gs-plusplus-rhel-host).",DET.5.10.1 KONF.7.1 KONF.7.2,https://oscal-compass.github.io/compliance-trestle/schemas/oscal/cd,,,,,,,,
Red Hat Enterprise Linux 9,Red Hat Enterprise Linux 9,software,ensure_gpgcheck_never_disabled,ensure gpgcheck never disabled,trestle://profiles/gs-plusplus-rhel-host/profile.json,"Grundschutz++-Anforderungen, umgesetzt durch Red Hat Enterprise Linux 9 (Artefakt gs-plusplus-rhel-host).",DET.5.10.1 KONF.7.1 KONF.7.2,https://oscal-compass.github.io/compliance-trestle/schemas/oscal/cd,,,,,,,,
Red Hat Enterprise Linux 9,Red Hat Enterprise Linux 9,software,ensure_pam_wheel_group_empty,ensure pam wheel group empty,trestle://profiles/gs-plusplus-rhel-host/profile.json,"Grundschutz++-Anforderungen, umgesetzt durch Red Hat Enterprise Linux 9 (Artefakt gs-plusplus-rhel-host).",BER.4.1,https://oscal-compass.github.io/compliance-trestle/schemas/oscal/cd,var_pam_wheel_group_for_su,var pam wheel group for su,sugroup,sugroup,,,,
Red Hat Enterprise Linux 9,Red Hat Enterprise Linux 9,software,ensure_root_password_configured,ensure root password configured,trestle://profiles/gs-plusplus-rhel-host/profile.json,"Grundschutz++-Anforderungen, umgesetzt durch Red Hat Enterprise Linux 9 (Artefakt gs-plusplus-rhel-host).",KONF.2.3,https://oscal-compass.github.io/compliance-trestle/schemas/oscal/cd,,,,,,,,
Red Hat Enterprise Linux 9,Red Hat Enterprise Linux 9,software,fapolicy_default_deny,fapolicy default deny,trestle://profiles/gs-plusplus-rhel-host/profile.json,"Grundschutz++-Anforderungen, umgesetzt durch Red Hat Enterprise Linux 9 (Artefakt gs-plusplus-rhel-host).",ASST.2.3.1 KONF.7.3 KONF.7.9 KONF.7.10 KONF.7.11 KONF.7.12,https://oscal-compass.github.io/compliance-trestle/schemas/oscal/cd,,,,,,,,
Red Hat Enterprise Linux 9,Red Hat Enterprise Linux 9,software,file_groupowner_etc_group,file groupowner etc group,trestle://profiles/gs-plusplus-rhel-host/profile.json,"Grundschutz++-Anforderungen, umgesetzt durch Red Hat Enterprise Linux 9 (Artefakt gs-plusplus-rhel-host).",BER.2.2 BER.5.10,https://oscal-compass.github.io/compliance-trestle/schemas/oscal/cd,,,,,,,,
Red Hat Enterprise Linux 9,Red Hat Enterprise Linux 9,software,file_groupowner_etc_gshadow,file groupowner etc gshadow,trestle://profiles/gs-plusplus-rhel-host/profile.json,"Grundschutz++-Anforderungen, umgesetzt durch Red Hat Enterprise Linux 9 (Artefakt gs-plusplus-rhel-host).",BER.2.2 BER.5.10,https://oscal-compass.github.io/compliance-trestle/schemas/oscal/cd,,,,,,,,
Red Hat Enterprise Linux 9,Red Hat Enterprise Linux 9,software,file_groupowner_etc_passwd,file groupowner etc passwd,trestle://profiles/gs-plusplus-rhel-host/profile.json,"Grundschutz++-Anforderungen, umgesetzt durch Red Hat Enterprise Linux 9 (Artefakt gs-plusplus-rhel-host).",BER.2.2 BER.5.10,https://oscal-compass.github.io/compliance-trestle/schemas/oscal/cd,,,,,,,,
Red Hat Enterprise Linux 9,Red Hat Enterprise Linux 9,software,file_groupowner_etc_shadow,file groupowner etc shadow,trestle://profiles/gs-plusplus-rhel-host/profile.json,"Grundschutz++-Anforderungen, umgesetzt durch Red Hat Enterprise Linux 9 (Artefakt gs-plusplus-rhel-host).",BER.2.2 BER.5.10,https://oscal-compass.github.io/compliance-trestle/schemas/oscal/cd,,,,,,,,
Red Hat Enterprise Linux 9,Red Hat Enterprise Linux 9,software,file_groupownership_sshd_private_key,file groupownership sshd private key,trestle://profiles/gs-plusplus-rhel-host/profile.json,"Grundschutz++-Anforderungen, umgesetzt durch Red Hat Enterprise Linux 9 (Artefakt gs-plusplus-rhel-host).",BER.7.11,https://oscal-compass.github.io/compliance-trestle/schemas/oscal/cd,,,,,,,,
Red Hat Enterprise Linux 9,Red Hat Enterprise Linux 9,software,file_owner_etc_group,file owner etc group,trestle://profiles/gs-plusplus-rhel-host/profile.json,"Grundschutz++-Anforderungen, umgesetzt durch Red Hat Enterprise Linux 9 (Artefakt gs-plusplus-rhel-host).",BER.2.2 BER.5.10,https://oscal-compass.github.io/compliance-trestle/schemas/oscal/cd,,,,,,,,
Red Hat Enterprise Linux 9,Red Hat Enterprise Linux 9,software,file_owner_etc_gshadow,file owner etc gshadow,trestle://profiles/gs-plusplus-rhel-host/profile.json,"Grundschutz++-Anforderungen, umgesetzt durch Red Hat Enterprise Linux 9 (Artefakt gs-plusplus-rhel-host).",BER.2.2 BER.3.3 BER.5.10,https://oscal-compass.github.io/compliance-trestle/schemas/oscal/cd,,,,,,,,
Red Hat Enterprise Linux 9,Red Hat Enterprise Linux 9,software,file_owner_etc_passwd,file owner etc passwd,trestle://profiles/gs-plusplus-rhel-host/profile.json,"Grundschutz++-Anforderungen, umgesetzt durch Red Hat Enterprise Linux 9 (Artefakt gs-plusplus-rhel-host).",BER.2.2 BER.3.3 BER.5.10,https://oscal-compass.github.io/compliance-trestle/schemas/oscal/cd,,,,,,,,
Red Hat Enterprise Linux 9,Red Hat Enterprise Linux 9,software,file_owner_etc_shadow,file owner etc shadow,trestle://profiles/gs-plusplus-rhel-host/profile.json,"Grundschutz++-Anforderungen, umgesetzt durch Red Hat Enterprise Linux 9 (Artefakt gs-plusplus-rhel-host).",BER.2.2 BER.3.3 BER.5.10,https://oscal-compass.github.io/compliance-trestle/schemas/oscal/cd,,,,,,,,
Red Hat Enterprise Linux 9,Red Hat Enterprise Linux 9,software,file_ownership_sshd_private_key,file ownership sshd private key,trestle://profiles/gs-plusplus-rhel-host/profile.json,"Grundschutz++-Anforderungen, umgesetzt durch Red Hat Enterprise Linux 9 (Artefakt gs-plusplus-rhel-host).",BER.7.11,https://oscal-compass.github.io/compliance-trestle/schemas/oscal/cd,,,,,,,,
Red Hat Enterprise Linux 9,Red Hat Enterprise Linux 9,software,file_permissions_etc_group,file permissions etc group,trestle://profiles/gs-plusplus-rhel-host/profile.json,"Grundschutz++-Anforderungen, umgesetzt durch Red Hat Enterprise Linux 9 (Artefakt gs-plusplus-rhel-host).",BER.2.2 BER.5.10,https://oscal-compass.github.io/compliance-trestle/schemas/oscal/cd,,,,,,,,
Red Hat Enterprise Linux 9,Red Hat Enterprise Linux 9,software,file_permissions_etc_gshadow,file permissions etc gshadow,trestle://profiles/gs-plusplus-rhel-host/profile.json,"Grundschutz++-Anforderungen, umgesetzt durch Red Hat Enterprise Linux 9 (Artefakt gs-plusplus-rhel-host).",BER.2.2 BER.3.3 BER.5.10,https://oscal-compass.github.io/compliance-trestle/schemas/oscal/cd,,,,,,,,
Red Hat Enterprise Linux 9,Red Hat Enterprise Linux 9,software,file_permissions_etc_passwd,file permissions etc passwd,trestle://profiles/gs-plusplus-rhel-host/profile.json,"Grundschutz++-Anforderungen, umgesetzt durch Red Hat Enterprise Linux 9 (Artefakt gs-plusplus-rhel-host).",BER.2.2 BER.3.3 BER.5.10,https://oscal-compass.github.io/compliance-trestle/schemas/oscal/cd,,,,,,,,
Red Hat Enterprise Linux 9,Red Hat Enterprise Linux 9,software,file_permissions_etc_shadow,file permissions etc shadow,trestle://profiles/gs-plusplus-rhel-host/profile.json,"Grundschutz++-Anforderungen, umgesetzt durch Red Hat Enterprise Linux 9 (Artefakt gs-plusplus-rhel-host).",BER.2.2 BER.3.3 BER.5.10,https://oscal-compass.github.io/compliance-trestle/schemas/oscal/cd,,,,,,,,
Red Hat Enterprise Linux 9,Red Hat Enterprise Linux 9,software,file_permissions_sshd_private_key,file permissions sshd private key,trestle://profiles/gs-plusplus-rhel-host/profile.json,"Grundschutz++-Anforderungen, umgesetzt durch Red Hat Enterprise Linux 9 (Artefakt gs-plusplus-rhel-host).",BER.5.10 BER.7.11,https://oscal-compass.github.io/compliance-trestle/schemas/oscal/cd,,,,,,,,
Red Hat Enterprise Linux 9,Red Hat Enterprise Linux 9,software,file_permissions_var_log_audit,file permissions var log audit,trestle://profiles/gs-plusplus-rhel-host/profile.json,"Grundschutz++-Anforderungen, umgesetzt durch Red Hat Enterprise Linux 9 (Artefakt gs-plusplus-rhel-host).",DET.3.4 DET.3.5,https://oscal-compass.github.io/compliance-trestle/schemas/oscal/cd,,,,,,,,
Red Hat Enterprise Linux 9,Red Hat Enterprise Linux 9,software,gnome_gdm_disable_automatic_login,gnome gdm disable automatic login,trestle://profiles/gs-plusplus-rhel-host/profile.json,"Grundschutz++-Anforderungen, umgesetzt durch Red Hat Enterprise Linux 9 (Artefakt gs-plusplus-rhel-host).",KONF.5.1,https://oscal-compass.github.io/compliance-trestle/schemas/oscal/cd,,,,,,,,
Red Hat Enterprise Linux 9,Red Hat Enterprise Linux 9,software,gnome_gdm_disable_unattended_automatic_login,gnome gdm disable unattended automatic login,trestle://profiles/gs-plusplus-rhel-host/profile.json,"Grundschutz++-Anforderungen, umgesetzt durch Red Hat Enterprise Linux 9 (Artefakt gs-plusplus-rhel-host).",KONF.5.1,https://oscal-compass.github.io/compliance-trestle/schemas/oscal/cd,,,,,,,,
Red Hat Enterprise Linux 9,Red Hat Enterprise Linux 9,software,grub2_audit_argument,grub2 audit argument,trestle://profiles/gs-plusplus-rhel-host/profile.json,"Grundschutz++-Anforderungen, umgesetzt durch Red Hat Enterprise Linux 9 (Artefakt gs-plusplus-rhel-host).",DET.3.1,https://oscal-compass.github.io/compliance-trestle/schemas/oscal/cd,,,,,,,,
Red Hat Enterprise Linux 9,Red Hat Enterprise Linux 9,software,grub2_enable_selinux,grub2 enable selinux,trestle://profiles/gs-plusplus-rhel-host/profile.json,"Grundschutz++-Anforderungen, umgesetzt durch Red Hat Enterprise Linux 9 (Artefakt gs-plusplus-rhel-host).",KONF.6.1 KONF.6.1.2 KONF.7.10 KONF.7.16,https://oscal-compass.github.io/compliance-trestle/schemas/oscal/cd,,,,,,,,
Red Hat Enterprise Linux 9,Red Hat Enterprise Linux 9,software,grub2_init_on_alloc_argument,grub2 init on alloc argument,trestle://profiles/gs-plusplus-rhel-host/profile.json,"Grundschutz++-Anforderungen, umgesetzt durch Red Hat Enterprise Linux 9 (Artefakt gs-plusplus-rhel-host).",KONF.7.16.1,https://oscal-compass.github.io/compliance-trestle/schemas/oscal/cd,,,,,,,,
Red Hat Enterprise Linux 9,Red Hat Enterprise Linux 9,software,grub2_nosmap_argument_absent,grub2 nosmap argument absent,trestle://profiles/gs-plusplus-rhel-host/profile.json,"Grundschutz++-Anforderungen, umgesetzt durch Red Hat Enterprise Linux 9 (Artefakt gs-plusplus-rhel-host).",KONF.7.16,https://oscal-compass.github.io/compliance-trestle/schemas/oscal/cd,,,,,,,,
Red Hat Enterprise Linux 9,Red Hat Enterprise Linux 9,software,grub2_nosmep_argument_absent,grub2 nosmep argument absent,trestle://profiles/gs-plusplus-rhel-host/profile.json,"Grundschutz++-Anforderungen, umgesetzt durch Red Hat Enterprise Linux 9 (Artefakt gs-plusplus-rhel-host).",KONF.7.16,https://oscal-compass.github.io/compliance-trestle/schemas/oscal/cd,,,,,,,,
Red Hat Enterprise Linux 9,Red Hat Enterprise Linux 9,software,grub2_page_poison_argument,grub2 page poison argument,trestle://profiles/gs-plusplus-rhel-host/profile.json,"Grundschutz++-Anforderungen, umgesetzt durch Red Hat Enterprise Linux 9 (Artefakt gs-plusplus-rhel-host).",KONF.7.16.1,https://oscal-compass.github.io/compliance-trestle/schemas/oscal/cd,,,,,,,,
Red Hat Enterprise Linux 9,Red Hat Enterprise Linux 9,software,grub2_vsyscall_argument,grub2 vsyscall argument,trestle://profiles/gs-plusplus-rhel-host/profile.json,"Grundschutz++-Anforderungen, umgesetzt durch Red Hat Enterprise Linux 9 (Artefakt gs-plusplus-rhel-host).",KONF.7.16.1,https://oscal-compass.github.io/compliance-trestle/schemas/oscal/cd,,,,,,,,
Red Hat Enterprise Linux 9,Red Hat Enterprise Linux 9,software,install_endpoint_security_software,install endpoint security software,trestle://profiles/gs-plusplus-rhel-host/profile.json,"Grundschutz++-Anforderungen, umgesetzt durch Red Hat Enterprise Linux 9 (Artefakt gs-plusplus-rhel-host).",KONF.7.1 KONF.7.2,https://oscal-compass.github.io/compliance-trestle/schemas/oscal/cd,,,,,,,,
Red Hat Enterprise Linux 9,Red Hat Enterprise Linux 9,software,kernel_config_module_sig,kernel config module sig,trestle://profiles/gs-plusplus-rhel-host/profile.json,"Grundschutz++-Anforderungen, umgesetzt durch Red Hat Enterprise Linux 9 (Artefakt gs-plusplus-rhel-host).",KONF.7.14,https://oscal-compass.github.io/compliance-trestle/schemas/oscal/cd,,,,,,,,
Red Hat Enterprise Linux 9,Red Hat Enterprise Linux 9,software,kernel_config_module_sig_all,kernel config module sig all,trestle://profiles/gs-plusplus-rhel-host/profile.json,"Grundschutz++-Anforderungen, umgesetzt durch Red Hat Enterprise Linux 9 (Artefakt gs-plusplus-rhel-host).",KONF.7.14,https://oscal-compass.github.io/compliance-trestle/schemas/oscal/cd,,,,,,,,
Red Hat Enterprise Linux 9,Red Hat Enterprise Linux 9,software,kernel_config_randomize_base,kernel config randomize base,trestle://profiles/gs-plusplus-rhel-host/profile.json,"Grundschutz++-Anforderungen, umgesetzt durch Red Hat Enterprise Linux 9 (Artefakt gs-plusplus-rhel-host).",KONF.7.16.1,https://oscal-compass.github.io/compliance-trestle/schemas/oscal/cd,,,,,,,,
Red Hat Enterprise Linux 9,Red Hat Enterprise Linux 9,software,kernel_config_randomize_memory,kernel config randomize memory,trestle://profiles/gs-plusplus-rhel-host/profile.json,"Grundschutz++-Anforderungen, umgesetzt durch Red Hat Enterprise Linux 9 (Artefakt gs-plusplus-rhel-host).",KONF.7.16.1,https://oscal-compass.github.io/compliance-trestle/schemas/oscal/cd,,,,,,,,
Red Hat Enterprise Linux 9,Red Hat Enterprise Linux 9,software,kernel_config_slab_freelist_random,kernel config slab freelist random,trestle://profiles/gs-plusplus-rhel-host/profile.json,"Grundschutz++-Anforderungen, umgesetzt durch Red Hat Enterprise Linux 9 (Artefakt gs-plusplus-rhel-host).",KONF.7.16.1,https://oscal-compass.github.io/compliance-trestle/schemas/oscal/cd,,,,,,,,
Red Hat Enterprise Linux 9,Red Hat Enterprise Linux 9,software,kernel_config_stackprotector,kernel config stackprotector,trestle://profiles/gs-plusplus-rhel-host/profile.json,"Grundschutz++-Anforderungen, umgesetzt durch Red Hat Enterprise Linux 9 (Artefakt gs-plusplus-rhel-host).",KONF.7.16.1,https://oscal-compass.github.io/compliance-trestle/schemas/oscal/cd,,,,,,,,
Red Hat Enterprise Linux 9,Red Hat Enterprise Linux 9,software,kernel_config_stackprotector_strong,kernel config stackprotector strong,trestle://profiles/gs-plusplus-rhel-host/profile.json,"Grundschutz++-Anforderungen, umgesetzt durch Red Hat Enterprise Linux 9 (Artefakt gs-plusplus-rhel-host).",KONF.7.16.1,https://oscal-compass.github.io/compliance-trestle/schemas/oscal/cd,,,,,,,,
Red Hat Enterprise Linux 9,Red Hat Enterprise Linux 9,software,kernel_config_strict_kernel_rwx,kernel config strict kernel rwx,trestle://profiles/gs-plusplus-rhel-host/profile.json,"Grundschutz++-Anforderungen, umgesetzt durch Red Hat Enterprise Linux 9 (Artefakt gs-plusplus-rhel-host).",KONF.7.16.1,https://oscal-compass.github.io/compliance-trestle/schemas/oscal/cd,,,,,,,,
Red Hat Enterprise Linux 9,Red Hat Enterprise Linux 9,software,kernel_module_bluetooth_disabled,kernel module bluetooth disabled,trestle://profiles/gs-plusplus-rhel-host/profile.json,"Grundschutz++-Anforderungen, umgesetzt durch Red Hat Enterprise Linux 9 (Artefakt gs-plusplus-rhel-host).",KONF.3.7,https://oscal-compass.github.io/compliance-trestle/schemas/oscal/cd,,,,,,,,
Red Hat Enterprise Linux 9,Red Hat Enterprise Linux 9,software,kernel_module_firewire-core_disabled,kernel module firewire-core disabled,trestle://profiles/gs-plusplus-rhel-host/profile.json,"Grundschutz++-Anforderungen, umgesetzt durch Red Hat Enterprise Linux 9 (Artefakt gs-plusplus-rhel-host).",KONF.3.7,https://oscal-compass.github.io/compliance-trestle/schemas/oscal/cd,,,,,,,,
Red Hat Enterprise Linux 9,Red Hat Enterprise Linux 9,software,kernel_module_usb-storage_disabled,kernel module usb-storage disabled,trestle://profiles/gs-plusplus-rhel-host/profile.json,"Grundschutz++-Anforderungen, umgesetzt durch Red Hat Enterprise Linux 9 (Artefakt gs-plusplus-rhel-host).",KONF.3.7 KONF.3.8,https://oscal-compass.github.io/compliance-trestle/schemas/oscal/cd,,,,,,,,
Red Hat Enterprise Linux 9,Red Hat Enterprise Linux 9,software,logind_session_timeout,logind session timeout,trestle://profiles/gs-plusplus-rhel-host/profile.json,"Grundschutz++-Anforderungen, umgesetzt durch Red Hat Enterprise Linux 9 (Artefakt gs-plusplus-rhel-host).",BER.3.12,https://oscal-compass.github.io/compliance-trestle/schemas/oscal/cd,var_logind_session_timeout,var logind session timeout,"600,7200,840,900,1800,300,3600",300,,,,
Red Hat Enterprise Linux 9,Red Hat Enterprise Linux 9,software,mask_nonessential_services,mask nonessential services,trestle://profiles/gs-plusplus-rhel-host/profile.json,"Grundschutz++-Anforderungen, umgesetzt durch Red Hat Enterprise Linux 9 (Artefakt gs-plusplus-rhel-host).",KONF.2.4,https://oscal-compass.github.io/compliance-trestle/schemas/oscal/cd,,,,,,,,
Red Hat Enterprise Linux 9,Red Hat Enterprise Linux 9,software,mount_option_nodev_removable_partitions,mount option nodev removable partitions,trestle://profiles/gs-plusplus-rhel-host/profile.json,"Grundschutz++-Anforderungen, umgesetzt durch Red Hat Enterprise Linux 9 (Artefakt gs-plusplus-rhel-host).",KONF.3.8,https://oscal-compass.github.io/compliance-trestle/schemas/oscal/cd,,,,,,,,
Red Hat Enterprise Linux 9,Red Hat Enterprise Linux 9,software,mount_option_noexec_removable_partitions,mount option noexec removable partitions,trestle://profiles/gs-plusplus-rhel-host/profile.json,"Grundschutz++-Anforderungen, umgesetzt durch Red Hat Enterprise Linux 9 (Artefakt gs-plusplus-rhel-host).",KONF.3.8,https://oscal-compass.github.io/compliance-trestle/schemas/oscal/cd,,,,,,,,
Red Hat Enterprise Linux 9,Red Hat Enterprise Linux 9,software,mount_option_nosuid_removable_partitions,mount option nosuid removable partitions,trestle://profiles/gs-plusplus-rhel-host/profile.json,"Grundschutz++-Anforderungen, umgesetzt durch Red Hat Enterprise Linux 9 (Artefakt gs-plusplus-rhel-host).",KONF.3.8,https://oscal-compass.github.io/compliance-trestle/schemas/oscal/cd,,,,,,,,
Red Hat Enterprise Linux 9,Red Hat Enterprise Linux 9,software,network_configure_name_resolution,network configure name resolution,trestle://profiles/gs-plusplus-rhel-host/profile.json,"Grundschutz++-Anforderungen, umgesetzt durch Red Hat Enterprise Linux 9 (Artefakt gs-plusplus-rhel-host).",KONF.4.2,https://oscal-compass.github.io/compliance-trestle/schemas/oscal/cd,,,,,,,,
Red Hat Enterprise Linux 9,Red Hat Enterprise Linux 9,software,networkmanager_dns_mode,networkmanager dns mode,trestle://profiles/gs-plusplus-rhel-host/profile.json,"Grundschutz++-Anforderungen, umgesetzt durch Red Hat Enterprise Linux 9 (Artefakt gs-plusplus-rhel-host).",KONF.4.2,https://oscal-compass.github.io/compliance-trestle/schemas/oscal/cd,var_networkmanager_dns_mode,var networkmanager dns mode,"none,default,systemd-resolved",default,,,,
Red Hat Enterprise Linux 9,Red Hat Enterprise Linux 9,software,no_empty_passwords,no empty passwords,trestle://profiles/gs-plusplus-rhel-host/profile.json,"Grundschutz++-Anforderungen, umgesetzt durch Red Hat Enterprise Linux 9 (Artefakt gs-plusplus-rhel-host).",BER.5.6,https://oscal-compass.github.io/compliance-trestle/schemas/oscal/cd,,,,,,,,
Red Hat Enterprise Linux 9,Red Hat Enterprise Linux 9,software,no_empty_passwords_etc_shadow,no empty passwords etc shadow,trestle://profiles/gs-plusplus-rhel-host/profile.json,"Grundschutz++-Anforderungen, umgesetzt durch Red Hat Enterprise Linux 9 (Artefakt gs-plusplus-rhel-host).",BER.5.6,https://oscal-compass.github.io/compliance-trestle/schemas/oscal/cd,,,,,,,,
Red Hat Enterprise Linux 9,Red Hat Enterprise Linux 9,software,only_allow_specific_certs,only allow specific certs,trestle://profiles/gs-plusplus-rhel-host/profile.json,"Grundschutz++-Anforderungen, umgesetzt durch Red Hat Enterprise Linux 9 (Artefakt gs-plusplus-rhel-host).",KONF.2.4.1,https://oscal-compass.github.io/compliance-trestle/schemas/oscal/cd,,,,,,,,
Red Hat Enterprise Linux 9,Red Hat Enterprise Linux 9,software,package_aide_installed,package aide installed,trestle://profiles/gs-plusplus-rhel-host/profile.json,"Grundschutz++-Anforderungen, umgesetzt durch Red Hat Enterprise Linux 9 (Artefakt gs-plusplus-rhel-host).",BER.7.11 DET.4.2 KONF.2.5 KONF.7.2 KONF.7.3,https://oscal-compass.github.io/compliance-trestle/schemas/oscal/cd,,,,,,,,
Red Hat Enterprise Linux 9,Red Hat Enterprise Linux 9,software,package_audit_installed,package audit installed,trestle://profiles/gs-plusplus-rhel-host/profile.json,"Grundschutz++-Anforderungen, umgesetzt durch Red Hat Enterprise Linux 9 (Artefakt gs-plusplus-rhel-host).",DET.3.1 KONF.7.3,https://oscal-compass.github.io/compliance-trestle/schemas/oscal/cd,,,,,,,,
Red Hat Enterprise Linux 9,Red Hat Enterprise Linux 9,software,package_autofs_removed,package autofs removed,trestle://profiles/gs-plusplus-rhel-host/profile.json,"Grundschutz++-Anforderungen, umgesetzt durch Red Hat Enterprise Linux 9 (Artefakt gs-plusplus-rhel-host).",KONF.3.8,https://oscal-compass.github.io/compliance-trestle/schemas/oscal/cd,,,,,,,,
Red Hat Enterprise Linux 9,Red Hat Enterprise Linux 9,software,package_crypto_policies_installed,package crypto policies installed,trestle://profiles/gs-plusplus-rhel-host/profile.json,"Grundschutz++-Anforderungen, umgesetzt durch Red Hat Enterprise Linux 9 (Artefakt gs-plusplus-rhel-host).",BER.7.1 BER.7.6 BER.7.8,https://oscal-compass.github.io/compliance-trestle/schemas/oscal/cd,,,,,,,,
Red Hat Enterprise Linux 9,Red Hat Enterprise Linux 9,software,package_cryptsetup-luks_installed,package cryptsetup-luks installed,trestle://profiles/gs-plusplus-rhel-host/profile.json,"Grundschutz++-Anforderungen, umgesetzt durch Red Hat Enterprise Linux 9 (Artefakt gs-plusplus-rhel-host).",KONF.3.2,https://oscal-compass.github.io/compliance-trestle/schemas/oscal/cd,,,,,,,,
Red Hat Enterprise Linux 9,Red Hat Enterprise Linux 9,software,package_fapolicyd_installed,package fapolicyd installed,trestle://profiles/gs-plusplus-rhel-host/profile.json,"Grundschutz++-Anforderungen, umgesetzt durch Red Hat Enterprise Linux 9 (Artefakt gs-plusplus-rhel-host).",ASST.2.3.1 KONF.7.3 KONF.7.9 KONF.7.10 KONF.7.11 KONF.7.12,https://oscal-compass.github.io/compliance-trestle/schemas/oscal/cd,,,,,,,,
Red Hat Enterprise Linux 9,Red Hat Enterprise Linux 9,software,package_firewalld_installed,package firewalld installed,trestle://profiles/gs-plusplus-rhel-host/profile.json,"Grundschutz++-Anforderungen, umgesetzt durch Red Hat Enterprise Linux 9 (Artefakt gs-plusplus-rhel-host).",KONF.7.15,https://oscal-compass.github.io/compliance-trestle/schemas/oscal/cd,,,,,,,,
Red Hat Enterprise Linux 9,Red Hat Enterprise Linux 9,software,package_libselinux_installed,package libselinux installed,trestle://profiles/gs-plusplus-rhel-host/profile.json,"Grundschutz++-Anforderungen, umgesetzt durch Red Hat Enterprise Linux 9 (Artefakt gs-plusplus-rhel-host).",KONF.7.10 KONF.7.16,https://oscal-compass.github.io/compliance-trestle/schemas/oscal/cd,,,,,,,,
Red Hat Enterprise Linux 9,Red Hat Enterprise Linux 9,software,package_pam_pwquality_installed,package pam pwquality installed,trestle://profiles/gs-plusplus-rhel-host/profile.json,"Grundschutz++-Anforderungen, umgesetzt durch Red Hat Enterprise Linux 9 (Artefakt gs-plusplus-rhel-host).",BER.6.3,https://oscal-compass.github.io/compliance-trestle/schemas/oscal/cd,,,,,,,,
Red Hat Enterprise Linux 9,Red Hat Enterprise Linux 9,software,package_sssd_installed,package sssd installed,trestle://profiles/gs-plusplus-rhel-host/profile.json,"Grundschutz++-Anforderungen, umgesetzt durch Red Hat Enterprise Linux 9 (Artefakt gs-plusplus-rhel-host).",BER.3.1 BER.3.7 KONF.4.1,https://oscal-compass.github.io/compliance-trestle/schemas/oscal/cd,,,,,,,,
Red Hat Enterprise Linux 9,Red Hat Enterprise Linux 9,software,package_sudo_installed,package sudo installed,trestle://profiles/gs-plusplus-rhel-host/profile.json,"Grundschutz++-Anforderungen, umgesetzt durch Red Hat Enterprise Linux 9 (Artefakt gs-plusplus-rhel-host).",KONF.6.4,https://oscal-compass.github.io/compliance-trestle/schemas/oscal/cd,,,,,,,,
Red Hat Enterprise Linux 9,Red Hat Enterprise Linux 9,software,package_usbguard_installed,package usbguard installed,trestle://profiles/gs-plusplus-rhel-host/profile.json,"Grundschutz++-Anforderungen, umgesetzt durch Red Hat Enterprise Linux 9 (Artefakt gs-plusplus-rhel-host).",DET.3.1.3 KONF.3.7,https://oscal-compass.github.io/compliance-trestle/schemas/oscal/cd,,,,,,,,
Red Hat Enterprise Linux 9,Red Hat Enterprise Linux 9,software,rpm_verify_hashes,rpm verify hashes,trestle://profiles/gs-plusplus-rhel-host/profile.json,"Grundschutz++-Anforderungen, umgesetzt durch Red Hat Enterprise Linux 9 (Artefakt gs-plusplus-rhel-host).",KONF.2.5,https://oscal-compass.github.io/compliance-trestle/schemas/oscal/cd,,,,,,,,
Red Hat Enterprise Linux 9,Red Hat Enterprise Linux 9,software,rpm_verify_ownership,rpm verify ownership,trestle://profiles/gs-plusplus-rhel-host/profile.json,"Grundschutz++-Anforderungen, umgesetzt durch Red Hat Enterprise Linux 9 (Artefakt gs-plusplus-rhel-host).",KONF.2.5,https://oscal-compass.github.io/compliance-trestle/schemas/oscal/cd,,,,,,,,
Red Hat Enterprise Linux 9,Red Hat Enterprise Linux 9,software,rpm_verify_permissions,rpm verify permissions,trestle://profiles/gs-plusplus-rhel-host/profile.json,"Grundschutz++-Anforderungen, umgesetzt durch Red Hat Enterprise Linux 9 (Artefakt gs-plusplus-rhel-host).",KONF.2.5,https://oscal-compass.github.io/compliance-trestle/schemas/oscal/cd,,,,,,,,
Red Hat Enterprise Linux 9,Red Hat Enterprise Linux 9,software,rsyslog_remote_loghost,rsyslog remote loghost,trestle://profiles/gs-plusplus-rhel-host/profile.json,"Grundschutz++-Anforderungen, umgesetzt durch Red Hat Enterprise Linux 9 (Artefakt gs-plusplus-rhel-host).",KONF.7.5,https://oscal-compass.github.io/compliance-trestle/schemas/oscal/cd,rsyslog_remote_loghost_address,rsyslog remote loghost address,logcollector,logcollector_placeholder,,,,
Red Hat Enterprise Linux 9,Red Hat Enterprise Linux 9,software,secure_boot_enabled,secure boot enabled,trestle://profiles/gs-plusplus-rhel-host/profile.json,"Grundschutz++-Anforderungen, umgesetzt durch Red Hat Enterprise Linux 9 (Artefakt gs-plusplus-rhel-host).",KONF.2.9,https://oscal-compass.github.io/compliance-trestle/schemas/oscal/cd,,,,,,,,
Red Hat Enterprise Linux 9,Red Hat Enterprise Linux 9,software,selinux_confinement_of_daemons,selinux confinement of daemons,trestle://profiles/gs-plusplus-rhel-host/profile.json,"Grundschutz++-Anforderungen, umgesetzt durch Red Hat Enterprise Linux 9 (Artefakt gs-plusplus-rhel-host).",KONF.6.1 KONF.6.1.2 KONF.7.10,https://oscal-compass.github.io/compliance-trestle/schemas/oscal/cd,,,,,,,,
Red Hat Enterprise Linux 9,Red Hat Enterprise Linux 9,software,selinux_not_disabled,selinux not disabled,trestle://profiles/gs-plusplus-rhel-host/profile.json,"Grundschutz++-Anforderungen, umgesetzt durch Red Hat Enterprise Linux 9 (Artefakt gs-plusplus-rhel-host).",KONF.6.1 KONF.6.1.2 KONF.7.10 KONF.7.16,https://oscal-compass.github.io/compliance-trestle/schemas/oscal/cd,,,,,,,,
Red Hat Enterprise Linux 9,Red Hat Enterprise Linux 9,software,selinux_policytype,selinux policytype,trestle://profiles/gs-plusplus-rhel-host/profile.json,"Grundschutz++-Anforderungen, umgesetzt durch Red Hat Enterprise Linux 9 (Artefakt gs-plusplus-rhel-host).",KONF.6.1 KONF.6.1.2 KONF.7.10,https://oscal-compass.github.io/compliance-trestle/schemas/oscal/cd,var_selinux_policy_name,var selinux policy name,"targeted,mls",targeted,,,,
Red Hat Enterprise Linux 9,Red Hat Enterprise Linux 9,software,selinux_state,selinux state,trestle://profiles/gs-plusplus-rhel-host/profile.json,"Grundschutz++-Anforderungen, umgesetzt durch Red Hat Enterprise Linux 9 (Artefakt gs-plusplus-rhel-host).",KONF.6.1 KONF.6.1.2 KONF.7.10 KONF.7.16,https://oscal-compass.github.io/compliance-trestle/schemas/oscal/cd,var_selinux_state,var selinux state,"enforcing,disabled,permissive",enforcing,,,,
Red Hat Enterprise Linux 9,Red Hat Enterprise Linux 9,software,service_abrtd_disabled,service abrtd disabled,trestle://profiles/gs-plusplus-rhel-host/profile.json,"Grundschutz++-Anforderungen, umgesetzt durch Red Hat Enterprise Linux 9 (Artefakt gs-plusplus-rhel-host).",KONF.2.4,https://oscal-compass.github.io/compliance-trestle/schemas/oscal/cd,,,,,,,,
Red Hat Enterprise Linux 9,Red Hat Enterprise Linux 9,software,service_atd_disabled,service atd disabled,trestle://profiles/gs-plusplus-rhel-host/profile.json,"Grundschutz++-Anforderungen, umgesetzt durch Red Hat Enterprise Linux 9 (Artefakt gs-plusplus-rhel-host).",KONF.2.4,https://oscal-compass.github.io/compliance-trestle/schemas/oscal/cd,,,,,,,,
Red Hat Enterprise Linux 9,Red Hat Enterprise Linux 9,software,service_auditd_enabled,service auditd enabled,trestle://profiles/gs-plusplus-rhel-host/profile.json,"Grundschutz++-Anforderungen, umgesetzt durch Red Hat Enterprise Linux 9 (Artefakt gs-plusplus-rhel-host).",BER.3.5 DET.3.1 KONF.7.3,https://oscal-compass.github.io/compliance-trestle/schemas/oscal/cd,,,,,,,,
Red Hat Enterprise Linux 9,Red Hat Enterprise Linux 9,software,service_autofs_disabled,service autofs disabled,trestle://profiles/gs-plusplus-rhel-host/profile.json,"Grundschutz++-Anforderungen, umgesetzt durch Red Hat Enterprise Linux 9 (Artefakt gs-plusplus-rhel-host).",KONF.2.4 KONF.3.8,https://oscal-compass.github.io/compliance-trestle/schemas/oscal/cd,,,,,,,,
Red Hat Enterprise Linux 9,Red Hat Enterprise Linux 9,software,service_avahi-daemon_disabled,service avahi-daemon disabled,trestle://profiles/gs-plusplus-rhel-host/profile.json,"Grundschutz++-Anforderungen, umgesetzt durch Red Hat Enterprise Linux 9 (Artefakt gs-plusplus-rhel-host).",KONF.2.4,https://oscal-compass.github.io/compliance-trestle/schemas/oscal/cd,,,,,,,,
Red Hat Enterprise Linux 9,Red Hat Enterprise Linux 9,software,service_bluetooth_disabled,service bluetooth disabled,trestle://profiles/gs-plusplus-rhel-host/profile.json,"Grundschutz++-Anforderungen, umgesetzt durch Red Hat Enterprise Linux 9 (Artefakt gs-plusplus-rhel-host).",KONF.2.4 KONF.3.7,https://oscal-compass.github.io/compliance-trestle/schemas/oscal/cd,,,,,,,,
Red Hat Enterprise Linux 9,Red Hat Enterprise Linux 9,software,service_chronyd_enabled,service chronyd enabled,trestle://profiles/gs-plusplus-rhel-host/profile.json,"Grundschutz++-Anforderungen, umgesetzt durch Red Hat Enterprise Linux 9 (Artefakt gs-plusplus-rhel-host).",KONF.4.5,https://oscal-compass.github.io/compliance-trestle/schemas/oscal/cd,,,,,,,,
Red Hat Enterprise Linux 9,Red Hat Enterprise Linux 9,software,service_cups_disabled,service cups disabled,trestle://profiles/gs-plusplus-rhel-host/profile.json,"Grundschutz++-Anforderungen, umgesetzt durch Red Hat Enterprise Linux 9 (Artefakt gs-plusplus-rhel-host).",KONF.2.4,https://oscal-compass.github.io/compliance-trestle/schemas/oscal/cd,,,,,,,,
Red Hat Enterprise Linux 9,Red Hat Enterprise Linux 9,software,service_debug-shell_disabled,service debug-shell disabled,trestle://profiles/gs-plusplus-rhel-host/profile.json,"Grundschutz++-Anforderungen, umgesetzt durch Red Hat Enterprise Linux 9 (Artefakt gs-plusplus-rhel-host).",KONF.2.4,https://oscal-compass.github.io/compliance-trestle/schemas/oscal/cd,,,,,,,,
Red Hat Enterprise Linux 9,Red Hat Enterprise Linux 9,software,service_dhcpd_disabled,service dhcpd disabled,trestle://profiles/gs-plusplus-rhel-host/profile.json,"Grundschutz++-Anforderungen, umgesetzt durch Red Hat Enterprise Linux 9 (Artefakt gs-plusplus-rhel-host).",KONF.2.4,https://oscal-compass.github.io/compliance-trestle/schemas/oscal/cd,,,,,,,,
Red Hat Enterprise Linux 9,Red Hat Enterprise Linux 9,software,service_dnsmasq_disabled,service dnsmasq disabled,trestle://profiles/gs-plusplus-rhel-host/profile.json,"Grundschutz++-Anforderungen, umgesetzt durch Red Hat Enterprise Linux 9 (Artefakt gs-plusplus-rhel-host).",KONF.2.4,https://oscal-compass.github.io/compliance-trestle/schemas/oscal/cd,,,,,,,,
Red Hat Enterprise Linux 9,Red Hat Enterprise Linux 9,software,service_dovecot_disabled,service dovecot disabled,trestle://profiles/gs-plusplus-rhel-host/profile.json,"Grundschutz++-Anforderungen, umgesetzt durch Red Hat Enterprise Linux 9 (Artefakt gs-plusplus-rhel-host).",KONF.2.4,https://oscal-compass.github.io/compliance-trestle/schemas/oscal/cd,,,,,,,,
Red Hat Enterprise Linux 9,Red Hat Enterprise Linux 9,software,service_fapolicyd_enabled,service fapolicyd enabled,trestle://profiles/gs-plusplus-rhel-host/profile.json,"Grundschutz++-Anforderungen, umgesetzt durch Red Hat Enterprise Linux 9 (Artefakt gs-plusplus-rhel-host).",ASST.2.3.1 KONF.7.3 KONF.7.9 KONF.7.10 KONF.7.11 KONF.7.12,https://oscal-compass.github.io/compliance-trestle/schemas/oscal/cd,,,,,,,,
Red Hat Enterprise Linux 9,Red Hat Enterprise Linux 9,software,service_firewalld_enabled,service firewalld enabled,trestle://profiles/gs-plusplus-rhel-host/profile.json,"Grundschutz++-Anforderungen, umgesetzt durch Red Hat Enterprise Linux 9 (Artefakt gs-plusplus-rhel-host).",KONF.7.15,https://oscal-compass.github.io/compliance-trestle/schemas/oscal/cd,,,,,,,,
Red Hat Enterprise Linux 9,Red Hat Enterprise Linux 9,software,service_httpd_disabled,service httpd disabled,trestle://profiles/gs-plusplus-rhel-host/profile.json,"Grundschutz++-Anforderungen, umgesetzt durch Red Hat Enterprise Linux 9 (Artefakt gs-plusplus-rhel-host).",KONF.2.4,https://oscal-compass.github.io/compliance-trestle/schemas/oscal/cd,,,,,,,,
Red Hat Enterprise Linux 9,Red Hat Enterprise Linux 9,software,service_kdump_disabled,service kdump disabled,trestle://profiles/gs-plusplus-rhel-host/profile.json,"Grundschutz++-Anforderungen, umgesetzt durch Red Hat Enterprise Linux 9 (Artefakt gs-plusplus-rhel-host).",KONF.2.4,https://oscal-compass.github.io/compliance-trestle/schemas/oscal/cd,,,,,,,,
Red Hat Enterprise Linux 9,Red Hat Enterprise Linux 9,software,service_named_disabled,service named disabled,trestle://profiles/gs-plusplus-rhel-host/profile.json,"Grundschutz++-Anforderungen, umgesetzt durch Red Hat Enterprise Linux 9 (Artefakt gs-plusplus-rhel-host).",KONF.2.4,https://oscal-compass.github.io/compliance-trestle/schemas/oscal/cd,,,,,,,,
Red Hat Enterprise Linux 9,Red Hat Enterprise Linux 9,software,service_nfs_disabled,service nfs disabled,trestle://profiles/gs-plusplus-rhel-host/profile.json,"Grundschutz++-Anforderungen, umgesetzt durch Red Hat Enterprise Linux 9 (Artefakt gs-plusplus-rhel-host).",KONF.2.4,https://oscal-compass.github.io/compliance-trestle/schemas/oscal/cd,,,,,,,,
Red Hat Enterprise Linux 9,Red Hat Enterprise Linux 9,software,service_ntpdate_disabled,service ntpdate disabled,trestle://profiles/gs-plusplus-rhel-host/profile.json,"Grundschutz++-Anforderungen, umgesetzt durch Red Hat Enterprise Linux 9 (Artefakt gs-plusplus-rhel-host).",KONF.2.4,https://oscal-compass.github.io/compliance-trestle/schemas/oscal/cd,,,,,,,,
Red Hat Enterprise Linux 9,Red Hat Enterprise Linux 9,software,service_oddjobd_disabled,service oddjobd disabled,trestle://profiles/gs-plusplus-rhel-host/profile.json,"Grundschutz++-Anforderungen, umgesetzt durch Red Hat Enterprise Linux 9 (Artefakt gs-plusplus-rhel-host).",KONF.2.4,https://oscal-compass.github.io/compliance-trestle/schemas/oscal/cd,,,,,,,,
Red Hat Enterprise Linux 9,Red Hat Enterprise Linux 9,software,service_qpidd_disabled,service qpidd disabled,trestle://profiles/gs-plusplus-rhel-host/profile.json,"Grundschutz++-Anforderungen, umgesetzt durch Red Hat Enterprise Linux 9 (Artefakt gs-plusplus-rhel-host).",KONF.2.4,https://oscal-compass.github.io/compliance-trestle/schemas/oscal/cd,,,,,,,,
Red Hat Enterprise Linux 9,Red Hat Enterprise Linux 9,software,service_rdisc_disabled,service rdisc disabled,trestle://profiles/gs-plusplus-rhel-host/profile.json,"Grundschutz++-Anforderungen, umgesetzt durch Red Hat Enterprise Linux 9 (Artefakt gs-plusplus-rhel-host).",KONF.2.4,https://oscal-compass.github.io/compliance-trestle/schemas/oscal/cd,,,,,,,,
Red Hat Enterprise Linux 9,Red Hat Enterprise Linux 9,software,service_rexec_disabled,service rexec disabled,trestle://profiles/gs-plusplus-rhel-host/profile.json,"Grundschutz++-Anforderungen, umgesetzt durch Red Hat Enterprise Linux 9 (Artefakt gs-plusplus-rhel-host).",KONF.2.4,https://oscal-compass.github.io/compliance-trestle/schemas/oscal/cd,,,,,,,,
Red Hat Enterprise Linux 9,Red Hat Enterprise Linux 9,software,service_rhnsd_disabled,service rhnsd disabled,trestle://profiles/gs-plusplus-rhel-host/profile.json,"Grundschutz++-Anforderungen, umgesetzt durch Red Hat Enterprise Linux 9 (Artefakt gs-plusplus-rhel-host).",KONF.2.4,https://oscal-compass.github.io/compliance-trestle/schemas/oscal/cd,,,,,,,,
Red Hat Enterprise Linux 9,Red Hat Enterprise Linux 9,software,service_rlogin_disabled,service rlogin disabled,trestle://profiles/gs-plusplus-rhel-host/profile.json,"Grundschutz++-Anforderungen, umgesetzt durch Red Hat Enterprise Linux 9 (Artefakt gs-plusplus-rhel-host).",KONF.2.4,https://oscal-compass.github.io/compliance-trestle/schemas/oscal/cd,,,,,,,,
Red Hat Enterprise Linux 9,Red Hat Enterprise Linux 9,software,service_rpcbind_disabled,service rpcbind disabled,trestle://profiles/gs-plusplus-rhel-host/profile.json,"Grundschutz++-Anforderungen, umgesetzt durch Red Hat Enterprise Linux 9 (Artefakt gs-plusplus-rhel-host).",KONF.2.4,https://oscal-compass.github.io/compliance-trestle/schemas/oscal/cd,,,,,,,,
Red Hat Enterprise Linux 9,Red Hat Enterprise Linux 9,software,service_rsyncd_disabled,service rsyncd disabled,trestle://profiles/gs-plusplus-rhel-host/profile.json,"Grundschutz++-Anforderungen, umgesetzt durch Red Hat Enterprise Linux 9 (Artefakt gs-plusplus-rhel-host).",KONF.2.4,https://oscal-compass.github.io/compliance-trestle/schemas/oscal/cd,,,,,,,,
Red Hat Enterprise Linux 9,Red Hat Enterprise Linux 9,software,service_rsyslog_enabled,service rsyslog enabled,trestle://profiles/gs-plusplus-rhel-host/profile.json,"Grundschutz++-Anforderungen, umgesetzt durch Red Hat Enterprise Linux 9 (Artefakt gs-plusplus-rhel-host).",KONF.7.5,https://oscal-compass.github.io/compliance-trestle/schemas/oscal/cd,,,,,,,,
Red Hat Enterprise Linux 9,Red Hat Enterprise Linux 9,software,service_slapd_disabled,service slapd disabled,trestle://profiles/gs-plusplus-rhel-host/profile.json,"Grundschutz++-Anforderungen, umgesetzt durch Red Hat Enterprise Linux 9 (Artefakt gs-plusplus-rhel-host).",KONF.2.4,https://oscal-compass.github.io/compliance-trestle/schemas/oscal/cd,,,,,,,,
Red Hat Enterprise Linux 9,Red Hat Enterprise Linux 9,software,service_smb_disabled,service smb disabled,trestle://profiles/gs-plusplus-rhel-host/profile.json,"Grundschutz++-Anforderungen, umgesetzt durch Red Hat Enterprise Linux 9 (Artefakt gs-plusplus-rhel-host).",KONF.2.4,https://oscal-compass.github.io/compliance-trestle/schemas/oscal/cd,,,,,,,,
Red Hat Enterprise Linux 9,Red Hat Enterprise Linux 9,software,service_snmpd_disabled,service snmpd disabled,trestle://profiles/gs-plusplus-rhel-host/profile.json,"Grundschutz++-Anforderungen, umgesetzt durch Red Hat Enterprise Linux 9 (Artefakt gs-plusplus-rhel-host).",KONF.2.4 KONF.4.4,https://oscal-compass.github.io/compliance-trestle/schemas/oscal/cd,,,,,,,,
Red Hat Enterprise Linux 9,Red Hat Enterprise Linux 9,software,service_squid_disabled,service squid disabled,trestle://profiles/gs-plusplus-rhel-host/profile.json,"Grundschutz++-Anforderungen, umgesetzt durch Red Hat Enterprise Linux 9 (Artefakt gs-plusplus-rhel-host).",KONF.2.4,https://oscal-compass.github.io/compliance-trestle/schemas/oscal/cd,,,,,,,,
Red Hat Enterprise Linux 9,Red Hat Enterprise Linux 9,software,service_sssd_enabled,service sssd enabled,trestle://profiles/gs-plusplus-rhel-host/profile.json,"Grundschutz++-Anforderungen, umgesetzt durch Red Hat Enterprise Linux 9 (Artefakt gs-plusplus-rhel-host).",BER.3.1 BER.3.7 KONF.4.1,https://oscal-compass.github.io/compliance-trestle/schemas/oscal/cd,,,,,,,,
Red Hat Enterprise Linux 9,Red Hat Enterprise Linux 9,software,service_systemd-journald_enabled,service systemd-journald enabled,trestle://profiles/gs-plusplus-rhel-host/profile.json,"Grundschutz++-Anforderungen, umgesetzt durch Red Hat Enterprise Linux 9 (Artefakt gs-plusplus-rhel-host).",DET.3.1,https://oscal-compass.github.io/compliance-trestle/schemas/oscal/cd,,,,,,,,
Red Hat Enterprise Linux 9,Red Hat Enterprise Linux 9,software,service_telnet_disabled,service telnet disabled,trestle://profiles/gs-plusplus-rhel-host/profile.json,"Grundschutz++-Anforderungen, umgesetzt durch Red Hat Enterprise Linux 9 (Artefakt gs-plusplus-rhel-host).",KONF.2.4,https://oscal-compass.github.io/compliance-trestle/schemas/oscal/cd,,,,,,,,
Red Hat Enterprise Linux 9,Red Hat Enterprise Linux 9,software,service_usbguard_enabled,service usbguard enabled,trestle://profiles/gs-plusplus-rhel-host/profile.json,"Grundschutz++-Anforderungen, umgesetzt durch Red Hat Enterprise Linux 9 (Artefakt gs-plusplus-rhel-host).",DET.3.1.3 KONF.3.7,https://oscal-compass.github.io/compliance-trestle/schemas/oscal/cd,,,,,,,,
Red Hat Enterprise Linux 9,Red Hat Enterprise Linux 9,software,service_vsftpd_disabled,service vsftpd disabled,trestle://profiles/gs-plusplus-rhel-host/profile.json,"Grundschutz++-Anforderungen, umgesetzt durch Red Hat Enterprise Linux 9 (Artefakt gs-plusplus-rhel-host).",KONF.2.4,https://oscal-compass.github.io/compliance-trestle/schemas/oscal/cd,,,,,,,,
Red Hat Enterprise Linux 9,Red Hat Enterprise Linux 9,software,service_xinetd_disabled,service xinetd disabled,trestle://profiles/gs-plusplus-rhel-host/profile.json,"Grundschutz++-Anforderungen, umgesetzt durch Red Hat Enterprise Linux 9 (Artefakt gs-plusplus-rhel-host).",KONF.2.4,https://oscal-compass.github.io/compliance-trestle/schemas/oscal/cd,,,,,,,,
Red Hat Enterprise Linux 9,Red Hat Enterprise Linux 9,software,service_ypserv_disabled,service ypserv disabled,trestle://profiles/gs-plusplus-rhel-host/profile.json,"Grundschutz++-Anforderungen, umgesetzt durch Red Hat Enterprise Linux 9 (Artefakt gs-plusplus-rhel-host).",KONF.2.4,https://oscal-compass.github.io/compliance-trestle/schemas/oscal/cd,,,,,,,,
Red Hat Enterprise Linux 9,Red Hat Enterprise Linux 9,software,set_firewalld_default_zone,set firewalld default zone,trestle://profiles/gs-plusplus-rhel-host/profile.json,"Grundschutz++-Anforderungen, umgesetzt durch Red Hat Enterprise Linux 9 (Artefakt gs-plusplus-rhel-host).",KONF.7.15,https://oscal-compass.github.io/compliance-trestle/schemas/oscal/cd,,,,,,,,
Red Hat Enterprise Linux 9,Red Hat Enterprise Linux 9,software,sshd_disable_empty_passwords,sshd disable empty passwords,trestle://profiles/gs-plusplus-rhel-host/profile.json,"Grundschutz++-Anforderungen, umgesetzt durch Red Hat Enterprise Linux 9 (Artefakt gs-plusplus-rhel-host).",BER.5.6 KONF.4.3,https://oscal-compass.github.io/compliance-trestle/schemas/oscal/cd,,,,,,,,
Red Hat Enterprise Linux 9,Red Hat Enterprise Linux 9,software,sshd_disable_forwarding,sshd disable forwarding,trestle://profiles/gs-plusplus-rhel-host/profile.json,"Grundschutz++-Anforderungen, umgesetzt durch Red Hat Enterprise Linux 9 (Artefakt gs-plusplus-rhel-host).",KONF.4.1.1 KONF.4.4,https://oscal-compass.github.io/compliance-trestle/schemas/oscal/cd,,,,,,,,
Red Hat Enterprise Linux 9,Red Hat Enterprise Linux 9,software,sshd_disable_host_auth,sshd disable host auth,trestle://profiles/gs-plusplus-rhel-host/profile.json,"Grundschutz++-Anforderungen, umgesetzt durch Red Hat Enterprise Linux 9 (Artefakt gs-plusplus-rhel-host).",KONF.4.3,https://oscal-compass.github.io/compliance-trestle/schemas/oscal/cd,,,,,,,,
Red Hat Enterprise Linux 9,Red Hat Enterprise Linux 9,software,sshd_disable_rhosts,sshd disable rhosts,trestle://profiles/gs-plusplus-rhel-host/profile.json,"Grundschutz++-Anforderungen, umgesetzt durch Red Hat Enterprise Linux 9 (Artefakt gs-plusplus-rhel-host).",KONF.4.3,https://oscal-compass.github.io/compliance-trestle/schemas/oscal/cd,,,,,,,,
Red Hat Enterprise Linux 9,Red Hat Enterprise Linux 9,software,sshd_disable_root_login,sshd disable root login,trestle://profiles/gs-plusplus-rhel-host/profile.json,"Grundschutz++-Anforderungen, umgesetzt durch Red Hat Enterprise Linux 9 (Artefakt gs-plusplus-rhel-host).",BER.4.7 KONF.4.4 KONF.5.2 KONF.6.4,https://oscal-compass.github.io/compliance-trestle/schemas/oscal/cd,,,,,,,,
Red Hat Enterprise Linux 9,Red Hat Enterprise Linux 9,software,sshd_disable_root_password_login,sshd disable root password login,trestle://profiles/gs-plusplus-rhel-host/profile.json,"Grundschutz++-Anforderungen, umgesetzt durch Red Hat Enterprise Linux 9 (Artefakt gs-plusplus-rhel-host).",KONF.2.3,https://oscal-compass.github.io/compliance-trestle/schemas/oscal/cd,,,,,,,,
Red Hat Enterprise Linux 9,Red Hat Enterprise Linux 9,software,sshd_disable_tcp_forwarding,sshd disable tcp forwarding,trestle://profiles/gs-plusplus-rhel-host/profile.json,"Grundschutz++-Anforderungen, umgesetzt durch Red Hat Enterprise Linux 9 (Artefakt gs-plusplus-rhel-host).",KONF.4.1.1 KONF.4.4,https://oscal-compass.github.io/compliance-trestle/schemas/oscal/cd,,,,,,,,
Red Hat Enterprise Linux 9,Red Hat Enterprise Linux 9,software,sshd_disable_x11_forwarding,sshd disable x11 forwarding,trestle://profiles/gs-plusplus-rhel-host/profile.json,"Grundschutz++-Anforderungen, umgesetzt durch Red Hat Enterprise Linux 9 (Artefakt gs-plusplus-rhel-host).",KONF.4.1.1 KONF.4.4,https://oscal-compass.github.io/compliance-trestle/schemas/oscal/cd,,,,,,,,
Red Hat Enterprise Linux 9,Red Hat Enterprise Linux 9,software,sshd_enable_pam,sshd enable pam,trestle://profiles/gs-plusplus-rhel-host/profile.json,"Grundschutz++-Anforderungen, umgesetzt durch Red Hat Enterprise Linux 9 (Artefakt gs-plusplus-rhel-host).",KONF.4.3 KONF.4.4 KONF.5.1,https://oscal-compass.github.io/compliance-trestle/schemas/oscal/cd,,,,,,,,
Red Hat Enterprise Linux 9,Red Hat Enterprise Linux 9,software,sshd_include_crypto_policy,sshd include crypto policy,trestle://profiles/gs-plusplus-rhel-host/profile.json,"Grundschutz++-Anforderungen, umgesetzt durch Red Hat Enterprise Linux 9 (Artefakt gs-plusplus-rhel-host).",BER.5.4 KONF.4.3 KONF.4.4 KONF.5.1,https://oscal-compass.github.io/compliance-trestle/schemas/oscal/cd,,,,,,,,
Red Hat Enterprise Linux 9,Red Hat Enterprise Linux 9,software,sshd_limit_user_access,sshd limit user access,trestle://profiles/gs-plusplus-rhel-host/profile.json,"Grundschutz++-Anforderungen, umgesetzt durch Red Hat Enterprise Linux 9 (Artefakt gs-plusplus-rhel-host).",KONF.4.4,https://oscal-compass.github.io/compliance-trestle/schemas/oscal/cd,,,,,,,,
Red Hat Enterprise Linux 9,Red Hat Enterprise Linux 9,software,sshd_set_idle_timeout,sshd set idle timeout,trestle://profiles/gs-plusplus-rhel-host/profile.json,"Grundschutz++-Anforderungen, umgesetzt durch Red Hat Enterprise Linux 9 (Artefakt gs-plusplus-rhel-host).",KONF.5.2,https://oscal-compass.github.io/compliance-trestle/schemas/oscal/cd,sshd_idle_timeout_value,sshd idle timeout value,"600,7200,840,900,1800,300,3600",300,,,,
Red Hat Enterprise Linux 9,Red Hat Enterprise Linux 9,software,sshd_set_keepalive,sshd set keepalive,trestle://profiles/gs-plusplus-rhel-host/profile.json,"Grundschutz++-Anforderungen, umgesetzt durch Red Hat Enterprise Linux 9 (Artefakt gs-plusplus-rhel-host).",KONF.5.2,https://oscal-compass.github.io/compliance-trestle/schemas/oscal/cd,var_sshd_set_keepalive,var sshd set keepalive,"10,3,5,0,1",0,,,,
Red Hat Enterprise Linux 9,Red Hat Enterprise Linux 9,software,sshd_set_max_sessions,sshd set max sessions,trestle://profiles/gs-plusplus-rhel-host/profile.json,"Grundschutz++-Anforderungen, umgesetzt durch Red Hat Enterprise Linux 9 (Artefakt gs-plusplus-rhel-host).",KONF.5.2,https://oscal-compass.github.io/compliance-trestle/schemas/oscal/cd,var_sshd_max_sessions,var sshd max sessions,"10,4,3,2,1,0",10,,,,
Red Hat Enterprise Linux 9,Red Hat Enterprise Linux 9,software,sssd_enable_pam_services,sssd enable pam services,trestle://profiles/gs-plusplus-rhel-host/profile.json,"Grundschutz++-Anforderungen, umgesetzt durch Red Hat Enterprise Linux 9 (Artefakt gs-plusplus-rhel-host).",KONF.4.1 KONF.5.1,https://oscal-compass.github.io/compliance-trestle/schemas/oscal/cd,,,,,,,,
Red Hat Enterprise Linux 9,Red Hat Enterprise Linux 9,software,sssd_offline_cred_expiration,sssd offline cred expiration,trestle://profiles/gs-plusplus-rhel-host/profile.json,"Grundschutz++-Anforderungen, umgesetzt durch Red Hat Enterprise Linux 9 (Artefakt gs-plusplus-rhel-host).",BER.3.20,https://oscal-compass.github.io/compliance-trestle/schemas/oscal/cd,,,,,,,,
Red Hat Enterprise Linux 9,Red Hat Enterprise Linux 9,software,sudo_remove_nopasswd,sudo remove nopasswd,trestle://profiles/gs-plusplus-rhel-host/profile.json,"Grundschutz++-Anforderungen, umgesetzt durch Red Hat Enterprise Linux 9 (Artefakt gs-plusplus-rhel-host).",BER.4.1 BER.4.1.2,https://oscal-compass.github.io/compliance-trestle/schemas/oscal/cd,,,,,,,,
Red Hat Enterprise Linux 9,Red Hat Enterprise Linux 9,software,sudo_require_authentication,sudo require authentication,trestle://profiles/gs-plusplus-rhel-host/profile.json,"Grundschutz++-Anforderungen, umgesetzt durch Red Hat Enterprise Linux 9 (Artefakt gs-plusplus-rhel-host).",BER.4.1 KONF.6.4,https://oscal-compass.github.io/compliance-trestle/schemas/oscal/cd,,,,,,,,
Red Hat Enterprise Linux 9,Red Hat Enterprise Linux 9,software,sudo_require_reauthentication,sudo require reauthentication,trestle://profiles/gs-plusplus-rhel-host/profile.json,"Grundschutz++-Anforderungen, umgesetzt durch Red Hat Enterprise Linux 9 (Artefakt gs-plusplus-rhel-host).",BER.3.20 BER.4.1 BER.4.1.2,https://oscal-compass.github.io/compliance-trestle/schemas/oscal/cd,var_sudo_timestamp_timeout,var sudo timestamp timeout,"5,0,1,2,3,15",5,,,,
Red Hat Enterprise Linux 9,Red Hat Enterprise Linux 9,software,sudo_restrict_privilege_elevation_to_authorized,sudo restrict privilege elevation to authorized,trestle://profiles/gs-plusplus-rhel-host/profile.json,"Grundschutz++-Anforderungen, umgesetzt durch Red Hat Enterprise Linux 9 (Artefakt gs-plusplus-rhel-host).",BER.3.3 KONF.6.4,https://oscal-compass.github.io/compliance-trestle/schemas/oscal/cd,,,,,,,,
Red Hat Enterprise Linux 9,Red Hat Enterprise Linux 9,software,sudoers_explicit_command_args,sudoers explicit command args,trestle://profiles/gs-plusplus-rhel-host/profile.json,"Grundschutz++-Anforderungen, umgesetzt durch Red Hat Enterprise Linux 9 (Artefakt gs-plusplus-rhel-host).",KONF.6.4,https://oscal-compass.github.io/compliance-trestle/schemas/oscal/cd,,,,,,,,
Red Hat Enterprise Linux 9,Red Hat Enterprise Linux 9,software,sudoers_no_command_negation,sudoers no command negation,trestle://profiles/gs-plusplus-rhel-host/profile.json,"Grundschutz++-Anforderungen, umgesetzt durch Red Hat Enterprise Linux 9 (Artefakt gs-plusplus-rhel-host).",KONF.6.4,https://oscal-compass.github.io/compliance-trestle/schemas/oscal/cd,,,,,,,,
Red Hat Enterprise Linux 9,Red Hat Enterprise Linux 9,software,sysctl_kernel_exec_shield,sysctl kernel exec shield,trestle://profiles/gs-plusplus-rhel-host/profile.json,"Grundschutz++-Anforderungen, umgesetzt durch Red Hat Enterprise Linux 9 (Artefakt gs-plusplus-rhel-host).",KONF.7.16 KONF.7.16.1,https://oscal-compass.github.io/compliance-trestle/schemas/oscal/cd,,,,,,,,
Red Hat Enterprise Linux 9,Red Hat Enterprise Linux 9,software,sysctl_kernel_kptr_restrict,sysctl kernel kptr restrict,trestle://profiles/gs-plusplus-rhel-host/profile.json,"Grundschutz++-Anforderungen, umgesetzt durch Red Hat Enterprise Linux 9 (Artefakt gs-plusplus-rhel-host).",KONF.7.16.1,https://oscal-compass.github.io/compliance-trestle/schemas/oscal/cd,,,,,,,,
Red Hat Enterprise Linux 9,Red Hat Enterprise Linux 9,software,sysctl_kernel_randomize_va_space,sysctl kernel randomize va space,trestle://profiles/gs-plusplus-rhel-host/profile.json,"Grundschutz++-Anforderungen, umgesetzt durch Red Hat Enterprise Linux 9 (Artefakt gs-plusplus-rhel-host).",KONF.7.16 KONF.7.16.1,https://oscal-compass.github.io/compliance-trestle/schemas/oscal/cd,,,,,,,,
Red Hat Enterprise Linux 9,Red Hat Enterprise Linux 9,software,usbguard_generate_policy,usbguard generate policy,trestle://profiles/gs-plusplus-rhel-host/profile.json,"Grundschutz++-Anforderungen, umgesetzt durch Red Hat Enterprise Linux 9 (Artefakt gs-plusplus-rhel-host).",DET.3.1.3 KONF.3.7,https://oscal-compass.github.io/compliance-trestle/schemas/oscal/cd,,,,,,,,
Red Hat Enterprise Linux 9,Red Hat Enterprise Linux 9,software,use_pam_wheel_for_su,use pam wheel for su,trestle://profiles/gs-plusplus-rhel-host/profile.json,"Grundschutz++-Anforderungen, umgesetzt durch Red Hat Enterprise Linux 9 (Artefakt gs-plusplus-rhel-host).",BER.4.1 KONF.6.4,https://oscal-compass.github.io/compliance-trestle/schemas/oscal/cd,,,,,,,,
Red Hat Enterprise Linux 9,Red Hat Enterprise Linux 9,software,gspp_impl_ber_3_14,Narrative implementation seed for BER.3.14 (no CaC rule binding),trestle://profiles/gs-plusplus-rhel-host/profile.json,"Grundschutz++-Anforderungen, umgesetzt durch Red Hat Enterprise Linux 9 (Artefakt gs-plusplus-rhel-host).",BER.3.14,https://oscal-compass.github.io/compliance-trestle/schemas/oscal/cd,,,,,,,,
Red Hat Enterprise Linux 9,Red Hat Enterprise Linux 9,software,gspp_impl_ber_3_17,Narrative implementation seed for BER.3.17 (no CaC rule binding),trestle://profiles/gs-plusplus-rhel-host/profile.json,"Grundschutz++-Anforderungen, umgesetzt durch Red Hat Enterprise Linux 9 (Artefakt gs-plusplus-rhel-host).",BER.3.17,https://oscal-compass.github.io/compliance-trestle/schemas/oscal/cd,,,,,,,,
Red Hat Enterprise Linux 9,Red Hat Enterprise Linux 9,software,gspp_impl_ber_3_21,Narrative implementation seed for BER.3.21 (no CaC rule binding),trestle://profiles/gs-plusplus-rhel-host/profile.json,"Grundschutz++-Anforderungen, umgesetzt durch Red Hat Enterprise Linux 9 (Artefakt gs-plusplus-rhel-host).",BER.3.21,https://oscal-compass.github.io/compliance-trestle/schemas/oscal/cd,,,,,,,,
Red Hat Enterprise Linux 9,Red Hat Enterprise Linux 9,software,gspp_impl_ber_3_22,Narrative implementation seed for BER.3.22 (no CaC rule binding),trestle://profiles/gs-plusplus-rhel-host/profile.json,"Grundschutz++-Anforderungen, umgesetzt durch Red Hat Enterprise Linux 9 (Artefakt gs-plusplus-rhel-host).",BER.3.22,https://oscal-compass.github.io/compliance-trestle/schemas/oscal/cd,,,,,,,,
Red Hat Enterprise Linux 9,Red Hat Enterprise Linux 9,software,gspp_impl_ber_3_24,Narrative implementation seed for BER.3.24 (no CaC rule binding),trestle://profiles/gs-plusplus-rhel-host/profile.json,"Grundschutz++-Anforderungen, umgesetzt durch Red Hat Enterprise Linux 9 (Artefakt gs-plusplus-rhel-host).",BER.3.24,https://oscal-compass.github.io/compliance-trestle/schemas/oscal/cd,,,,,,,,
Red Hat Enterprise Linux 9,Red Hat Enterprise Linux 9,software,gspp_impl_ber_4_1_1,Narrative implementation seed for BER.4.1.1 (no CaC rule binding),trestle://profiles/gs-plusplus-rhel-host/profile.json,"Grundschutz++-Anforderungen, umgesetzt durch Red Hat Enterprise Linux 9 (Artefakt gs-plusplus-rhel-host).",BER.4.1.1,https://oscal-compass.github.io/compliance-trestle/schemas/oscal/cd,,,,,,,,
Red Hat Enterprise Linux 9,Red Hat Enterprise Linux 9,software,gspp_impl_ber_4_2,Narrative implementation seed for BER.4.2 (no CaC rule binding),trestle://profiles/gs-plusplus-rhel-host/profile.json,"Grundschutz++-Anforderungen, umgesetzt durch Red Hat Enterprise Linux 9 (Artefakt gs-plusplus-rhel-host).",BER.4.2,https://oscal-compass.github.io/compliance-trestle/schemas/oscal/cd,,,,,,,,
Red Hat Enterprise Linux 9,Red Hat Enterprise Linux 9,software,gspp_impl_ber_4_3,Narrative implementation seed for BER.4.3 (no CaC rule binding),trestle://profiles/gs-plusplus-rhel-host/profile.json,"Grundschutz++-Anforderungen, umgesetzt durch Red Hat Enterprise Linux 9 (Artefakt gs-plusplus-rhel-host).",BER.4.3,https://oscal-compass.github.io/compliance-trestle/schemas/oscal/cd,,,,,,,,
Red Hat Enterprise Linux 9,Red Hat Enterprise Linux 9,software,gspp_impl_ber_4_4_1,Narrative implementation seed for BER.4.4.1 (no CaC rule binding),trestle://profiles/gs-plusplus-rhel-host/profile.json,"Grundschutz++-Anforderungen, umgesetzt durch Red Hat Enterprise Linux 9 (Artefakt gs-plusplus-rhel-host).",BER.4.4.1,https://oscal-compass.github.io/compliance-trestle/schemas/oscal/cd,,,,,,,,
Red Hat Enterprise Linux 9,Red Hat Enterprise Linux 9,software,gspp_impl_ber_4_8,Narrative implementation seed for BER.4.8 (no CaC rule binding),trestle://profiles/gs-plusplus-rhel-host/profile.json,"Grundschutz++-Anforderungen, umgesetzt durch Red Hat Enterprise Linux 9 (Artefakt gs-plusplus-rhel-host).",BER.4.8,https://oscal-compass.github.io/compliance-trestle/schemas/oscal/cd,,,,,,,,
Red Hat Enterprise Linux 9,Red Hat Enterprise Linux 9,software,gspp_impl_ber_5_5,Narrative implementation seed for BER.5.5 (no CaC rule binding),trestle://profiles/gs-plusplus-rhel-host/profile.json,"Grundschutz++-Anforderungen, umgesetzt durch Red Hat Enterprise Linux 9 (Artefakt gs-plusplus-rhel-host).",BER.5.5,https://oscal-compass.github.io/compliance-trestle/schemas/oscal/cd,,,,,,,,
Red Hat Enterprise Linux 9,Red Hat Enterprise Linux 9,software,gspp_impl_ber_5_9,Narrative implementation seed for BER.5.9 (no CaC rule binding),trestle://profiles/gs-plusplus-rhel-host/profile.json,"Grundschutz++-Anforderungen, umgesetzt durch Red Hat Enterprise Linux 9 (Artefakt gs-plusplus-rhel-host).",BER.5.9,https://oscal-compass.github.io/compliance-trestle/schemas/oscal/cd,,,,,,,,
Red Hat Enterprise Linux 9,Red Hat Enterprise Linux 9,software,gspp_impl_ber_5_14,Narrative implementation seed for BER.5.14 (no CaC rule binding),trestle://profiles/gs-plusplus-rhel-host/profile.json,"Grundschutz++-Anforderungen, umgesetzt durch Red Hat Enterprise Linux 9 (Artefakt gs-plusplus-rhel-host).",BER.5.14,https://oscal-compass.github.io/compliance-trestle/schemas/oscal/cd,,,,,,,,
Red Hat Enterprise Linux 9,Red Hat Enterprise Linux 9,software,gspp_impl_ber_6_5,Narrative implementation seed for BER.6.5 (no CaC rule binding),trestle://profiles/gs-plusplus-rhel-host/profile.json,"Grundschutz++-Anforderungen, umgesetzt durch Red Hat Enterprise Linux 9 (Artefakt gs-plusplus-rhel-host).",BER.6.5,https://oscal-compass.github.io/compliance-trestle/schemas/oscal/cd,,,,,,,,
Red Hat Enterprise Linux 9,Red Hat Enterprise Linux 9,software,gspp_impl_ber_6_6,Narrative implementation seed for BER.6.6 (no CaC rule binding),trestle://profiles/gs-plusplus-rhel-host/profile.json,"Grundschutz++-Anforderungen, umgesetzt durch Red Hat Enterprise Linux 9 (Artefakt gs-plusplus-rhel-host).",BER.6.6,https://oscal-compass.github.io/compliance-trestle/schemas/oscal/cd,,,,,,,,
Red Hat Enterprise Linux 9,Red Hat Enterprise Linux 9,software,gspp_impl_ber_7_4,Narrative implementation seed for BER.7.4 (no CaC rule binding),trestle://profiles/gs-plusplus-rhel-host/profile.json,"Grundschutz++-Anforderungen, umgesetzt durch Red Hat Enterprise Linux 9 (Artefakt gs-plusplus-rhel-host).",BER.7.4,https://oscal-compass.github.io/compliance-trestle/schemas/oscal/cd,,,,,,,,
Red Hat Enterprise Linux 9,Red Hat Enterprise Linux 9,software,gspp_impl_ber_7_5,Narrative implementation seed for BER.7.5 (no CaC rule binding),trestle://profiles/gs-plusplus-rhel-host/profile.json,"Grundschutz++-Anforderungen, umgesetzt durch Red Hat Enterprise Linux 9 (Artefakt gs-plusplus-rhel-host).",BER.7.5,https://oscal-compass.github.io/compliance-trestle/schemas/oscal/cd,,,,,,,,
Red Hat Enterprise Linux 9,Red Hat Enterprise Linux 9,software,gspp_impl_ber_7_9,Narrative implementation seed for BER.7.9 (no CaC rule binding),trestle://profiles/gs-plusplus-rhel-host/profile.json,"Grundschutz++-Anforderungen, umgesetzt durch Red Hat Enterprise Linux 9 (Artefakt gs-plusplus-rhel-host).",BER.7.9,https://oscal-compass.github.io/compliance-trestle/schemas/oscal/cd,,,,,,,,
Red Hat Enterprise Linux 9,Red Hat Enterprise Linux 9,software,gspp_impl_ber_7_10,Narrative implementation seed for BER.7.10 (no CaC rule binding),trestle://profiles/gs-plusplus-rhel-host/profile.json,"Grundschutz++-Anforderungen, umgesetzt durch Red Hat Enterprise Linux 9 (Artefakt gs-plusplus-rhel-host).",BER.7.10,https://oscal-compass.github.io/compliance-trestle/schemas/oscal/cd,,,,,,,,
Red Hat Enterprise Linux 9,Red Hat Enterprise Linux 9,software,gspp_impl_ber_7_12,Narrative implementation seed for BER.7.12 (no CaC rule binding),trestle://profiles/gs-plusplus-rhel-host/profile.json,"Grundschutz++-Anforderungen, umgesetzt durch Red Hat Enterprise Linux 9 (Artefakt gs-plusplus-rhel-host).",BER.7.12,https://oscal-compass.github.io/compliance-trestle/schemas/oscal/cd,,,,,,,,
Red Hat Enterprise Linux 9,Red Hat Enterprise Linux 9,software,gspp_impl_ber_7_13,Narrative implementation seed for BER.7.13 (no CaC rule binding),trestle://profiles/gs-plusplus-rhel-host/profile.json,"Grundschutz++-Anforderungen, umgesetzt durch Red Hat Enterprise Linux 9 (Artefakt gs-plusplus-rhel-host).",BER.7.13,https://oscal-compass.github.io/compliance-trestle/schemas/oscal/cd,,,,,,,,
Red Hat Enterprise Linux 9,Red Hat Enterprise Linux 9,software,gspp_impl_ber_7_14,Narrative implementation seed for BER.7.14 (no CaC rule binding),trestle://profiles/gs-plusplus-rhel-host/profile.json,"Grundschutz++-Anforderungen, umgesetzt durch Red Hat Enterprise Linux 9 (Artefakt gs-plusplus-rhel-host).",BER.7.14,https://oscal-compass.github.io/compliance-trestle/schemas/oscal/cd,,,,,,,,
Red Hat Enterprise Linux 9,Red Hat Enterprise Linux 9,software,gspp_impl_ber_7_15,Narrative implementation seed for BER.7.15 (no CaC rule binding),trestle://profiles/gs-plusplus-rhel-host/profile.json,"Grundschutz++-Anforderungen, umgesetzt durch Red Hat Enterprise Linux 9 (Artefakt gs-plusplus-rhel-host).",BER.7.15,https://oscal-compass.github.io/compliance-trestle/schemas/oscal/cd,,,,,,,,
Red Hat Enterprise Linux 9,Red Hat Enterprise Linux 9,software,gspp_impl_det_3_1_2,Narrative implementation seed for DET.3.1.2 (no CaC rule binding),trestle://profiles/gs-plusplus-rhel-host/profile.json,"Grundschutz++-Anforderungen, umgesetzt durch Red Hat Enterprise Linux 9 (Artefakt gs-plusplus-rhel-host).",DET.3.1.2,https://oscal-compass.github.io/compliance-trestle/schemas/oscal/cd,,,,,,,,
Red Hat Enterprise Linux 9,Red Hat Enterprise Linux 9,software,gspp_impl_det_3_1_5,Narrative implementation seed for DET.3.1.5 (no CaC rule binding),trestle://profiles/gs-plusplus-rhel-host/profile.json,"Grundschutz++-Anforderungen, umgesetzt durch Red Hat Enterprise Linux 9 (Artefakt gs-plusplus-rhel-host).",DET.3.1.5,https://oscal-compass.github.io/compliance-trestle/schemas/oscal/cd,,,,,,,,
Red Hat Enterprise Linux 9,Red Hat Enterprise Linux 9,software,gspp_impl_det_3_1_7,Narrative implementation seed for DET.3.1.7 (no CaC rule binding),trestle://profiles/gs-plusplus-rhel-host/profile.json,"Grundschutz++-Anforderungen, umgesetzt durch Red Hat Enterprise Linux 9 (Artefakt gs-plusplus-rhel-host).",DET.3.1.7,https://oscal-compass.github.io/compliance-trestle/schemas/oscal/cd,,,,,,,,
Red Hat Enterprise Linux 9,Red Hat Enterprise Linux 9,software,gspp_impl_konf_2_1,Narrative implementation seed for KONF.2.1 (no CaC rule binding),trestle://profiles/gs-plusplus-rhel-host/profile.json,"Grundschutz++-Anforderungen, umgesetzt durch Red Hat Enterprise Linux 9 (Artefakt gs-plusplus-rhel-host).",KONF.2.1,https://oscal-compass.github.io/compliance-trestle/schemas/oscal/cd,,,,,,,,
Red Hat Enterprise Linux 9,Red Hat Enterprise Linux 9,software,gspp_impl_konf_2_1_1,Narrative implementation seed for KONF.2.1.1 (no CaC rule binding),trestle://profiles/gs-plusplus-rhel-host/profile.json,"Grundschutz++-Anforderungen, umgesetzt durch Red Hat Enterprise Linux 9 (Artefakt gs-plusplus-rhel-host).",KONF.2.1.1,https://oscal-compass.github.io/compliance-trestle/schemas/oscal/cd,,,,,,,,
Red Hat Enterprise Linux 9,Red Hat Enterprise Linux 9,software,gspp_impl_konf_2_2,Narrative implementation seed for KONF.2.2 (no CaC rule binding),trestle://profiles/gs-plusplus-rhel-host/profile.json,"Grundschutz++-Anforderungen, umgesetzt durch Red Hat Enterprise Linux 9 (Artefakt gs-plusplus-rhel-host).",KONF.2.2,https://oscal-compass.github.io/compliance-trestle/schemas/oscal/cd,,,,,,,,
Red Hat Enterprise Linux 9,Red Hat Enterprise Linux 9,software,gspp_impl_konf_2_4_2,Narrative implementation seed for KONF.2.4.2 (no CaC rule binding),trestle://profiles/gs-plusplus-rhel-host/profile.json,"Grundschutz++-Anforderungen, umgesetzt durch Red Hat Enterprise Linux 9 (Artefakt gs-plusplus-rhel-host).",KONF.2.4.2,https://oscal-compass.github.io/compliance-trestle/schemas/oscal/cd,,,,,,,,
Red Hat Enterprise Linux 9,Red Hat Enterprise Linux 9,software,gspp_impl_konf_2_5_1,Narrative implementation seed for KONF.2.5.1 (no CaC rule binding),trestle://profiles/gs-plusplus-rhel-host/profile.json,"Grundschutz++-Anforderungen, umgesetzt durch Red Hat Enterprise Linux 9 (Artefakt gs-plusplus-rhel-host).",KONF.2.5.1,https://oscal-compass.github.io/compliance-trestle/schemas/oscal/cd,,,,,,,,
Red Hat Enterprise Linux 9,Red Hat Enterprise Linux 9,software,gspp_impl_konf_2_7,Narrative implementation seed for KONF.2.7 (no CaC rule binding),trestle://profiles/gs-plusplus-rhel-host/profile.json,"Grundschutz++-Anforderungen, umgesetzt durch Red Hat Enterprise Linux 9 (Artefakt gs-plusplus-rhel-host).",KONF.2.7,https://oscal-compass.github.io/compliance-trestle/schemas/oscal/cd,,,,,,,,
Red Hat Enterprise Linux 9,Red Hat Enterprise Linux 9,software,gspp_impl_konf_2_8,Narrative implementation seed for KONF.2.8 (no CaC rule binding),trestle://profiles/gs-plusplus-rhel-host/profile.json,"Grundschutz++-Anforderungen, umgesetzt durch Red Hat Enterprise Linux 9 (Artefakt gs-plusplus-rhel-host).",KONF.2.8,https://oscal-compass.github.io/compliance-trestle/schemas/oscal/cd,,,,,,,,
Red Hat Enterprise Linux 9,Red Hat Enterprise Linux 9,software,gspp_impl_konf_3_1,Narrative implementation seed for KONF.3.1 (no CaC rule binding),trestle://profiles/gs-plusplus-rhel-host/profile.json,"Grundschutz++-Anforderungen, umgesetzt durch Red Hat Enterprise Linux 9 (Artefakt gs-plusplus-rhel-host).",KONF.3.1,https://oscal-compass.github.io/compliance-trestle/schemas/oscal/cd,,,,,,,,
Red Hat Enterprise Linux 9,Red Hat Enterprise Linux 9,software,gspp_impl_konf_4_2_1,Narrative implementation seed for KONF.4.2.1 (no CaC rule binding),trestle://profiles/gs-plusplus-rhel-host/profile.json,"Grundschutz++-Anforderungen, umgesetzt durch Red Hat Enterprise Linux 9 (Artefakt gs-plusplus-rhel-host).",KONF.4.2.1,https://oscal-compass.github.io/compliance-trestle/schemas/oscal/cd,,,,,,,,
Red Hat Enterprise Linux 9,Red Hat Enterprise Linux 9,software,gspp_impl_konf_6_4_1,Narrative implementation seed for KONF.6.4.1 (no CaC rule binding),trestle://profiles/gs-plusplus-rhel-host/profile.json,"Grundschutz++-Anforderungen, umgesetzt durch Red Hat Enterprise Linux 9 (Artefakt gs-plusplus-rhel-host).",KONF.6.4.1,https://oscal-compass.github.io/compliance-trestle/schemas/oscal/cd,,,,,,,,
Red Hat Enterprise Linux 9,Red Hat Enterprise Linux 9,software,gspp_impl_konf_7_4,Narrative implementation seed for KONF.7.4 (no CaC rule binding),trestle://profiles/gs-plusplus-rhel-host/profile.json,"Grundschutz++-Anforderungen, umgesetzt durch Red Hat Enterprise Linux 9 (Artefakt gs-plusplus-rhel-host).",KONF.7.4,https://oscal-compass.github.io/compliance-trestle/schemas/oscal/cd,,,,,,,,
Red Hat Enterprise Linux 9,Red Hat Enterprise Linux 9,software,gspp_impl_konf_7_6,Narrative implementation seed for KONF.7.6 (no CaC rule binding),trestle://profiles/gs-plusplus-rhel-host/profile.json,"Grundschutz++-Anforderungen, umgesetzt durch Red Hat Enterprise Linux 9 (Artefakt gs-plusplus-rhel-host).",KONF.7.6,https://oscal-compass.github.io/compliance-trestle/schemas/oscal/cd,,,,,,,,
Red Hat Enterprise Linux 9,Red Hat Enterprise Linux 9,software,gspp_impl_konf_7_7,Narrative implementation seed for KONF.7.7 (no CaC rule binding),trestle://profiles/gs-plusplus-rhel-host/profile.json,"Grundschutz++-Anforderungen, umgesetzt durch Red Hat Enterprise Linux 9 (Artefakt gs-plusplus-rhel-host).",KONF.7.7,https://oscal-compass.github.io/compliance-trestle/schemas/oscal/cd,,,,,,,,
Red Hat Enterprise Linux 9,Red Hat Enterprise Linux 9,software,gspp_impl_konf_7_8,Narrative implementation seed for KONF.7.8 (no CaC rule binding),trestle://profiles/gs-plusplus-rhel-host/profile.json,"Grundschutz++-Anforderungen, umgesetzt durch Red Hat Enterprise Linux 9 (Artefakt gs-plusplus-rhel-host).",KONF.7.8,https://oscal-compass.github.io/compliance-trestle/schemas/oscal/cd,,,,,,,,
Red Hat Enterprise Linux 9,Red Hat Enterprise Linux 9,software,gspp_impl_konf_7_13,Narrative implementation seed for KONF.7.13 (no CaC rule binding),trestle://profiles/gs-plusplus-rhel-host/profile.json,"Grundschutz++-Anforderungen, umgesetzt durch Red Hat Enterprise Linux 9 (Artefakt gs-plusplus-rhel-host).",KONF.7.13,https://oscal-compass.github.io/compliance-trestle/schemas/oscal/cd,,,,,,,,
Red Hat Enterprise Linux 9,Red Hat Enterprise Linux 9,software,gspp_impl_arch_5_2,Narrative implementation seed for ARCH.5.2 (no CaC rule binding),trestle://profiles/gs-plusplus-rhel-host/profile.json,"Grundschutz++-Anforderungen, umgesetzt durch Red Hat Enterprise Linux 9 (Artefakt gs-plusplus-rhel-host).",ARCH.5.2,https://oscal-compass.github.io/compliance-trestle/schemas/oscal/cd,,,,,,,,
Red Hat Enterprise Linux 9,Red Hat Enterprise Linux 9,software,configure_usbguard_auditbackend,Log USBGuard daemon audit events using Linux Audit,trestle://profiles/gs-plusplus-rhel-host/profile.json,"Grundschutz++-Anforderungen, umgesetzt durch Red Hat Enterprise Linux 9 (Artefakt gs-plusplus-rhel-host).",DET.3.1.3,https://oscal-compass.github.io/compliance-trestle/schemas/oscal/cd,,,,,,,,
Red Hat Enterprise Linux 9,Red Hat Enterprise Linux 9,software,gspp_impl_ber_7_7,Narrative implementation seed for BER.7.7 (no CaC rule binding),trestle://profiles/gs-plusplus-rhel-host/profile.json,"Grundschutz++-Anforderungen, umgesetzt durch Red Hat Enterprise Linux 9 (Artefakt gs-plusplus-rhel-host).",BER.7.7,https://oscal-compass.github.io/compliance-trestle/schemas/oscal/cd,,,,,,,,
Red Hat Enterprise Linux 9,Red Hat Enterprise Linux 9,software,directory_permissions_var_log_audit,directory permissions var log audit,trestle://profiles/gs-plusplus-rhel-host/profile.json,"Grundschutz++-Anforderungen, umgesetzt durch Red Hat Enterprise Linux 9 (Artefakt gs-plusplus-rhel-host).",DET.3.5,https://oscal-compass.github.io/compliance-trestle/schemas/oscal/cd,,,,,,,,
Red Hat Enterprise Linux 9,Red Hat Enterprise Linux 9,software,file_ownership_var_log_audit_stig,file ownership var log audit stig,trestle://profiles/gs-plusplus-rhel-host/profile.json,"Grundschutz++-Anforderungen, umgesetzt durch Red Hat Enterprise Linux 9 (Artefakt gs-plusplus-rhel-host).",DET.3.5,https://oscal-compass.github.io/compliance-trestle/schemas/oscal/cd,,,,,,,,
Red Hat Enterprise Linux 9,Red Hat Enterprise Linux 9,software,security_patches_up_to_date,ensure software patches installed,trestle://profiles/gs-plusplus-rhel-host/profile.json,"Grundschutz++-Anforderungen, umgesetzt durch Red Hat Enterprise Linux 9 (Artefakt gs-plusplus-rhel-host).",DET.5.10.2 KONF.8.1,https://oscal-compass.github.io/compliance-trestle/schemas/oscal/cd,,,,,,,,
Red Hat Enterprise Linux 9,Red Hat Enterprise Linux 9,software,package_dnf-automatic_installed,install dnf-automatic package,trestle://profiles/gs-plusplus-rhel-host/profile.json,"Grundschutz++-Anforderungen, umgesetzt durch Red Hat Enterprise Linux 9 (Artefakt gs-plusplus-rhel-host).",DET.5.10.2 KONF.8.1 KONF.8.1.1,https://oscal-compass.github.io/compliance-trestle/schemas/oscal/cd,,,,,,,,
Red Hat Enterprise Linux 9,Red Hat Enterprise Linux 9,software,timer_dnf-automatic_enabled,enable dnf-automatic timer,trestle://profiles/gs-plusplus-rhel-host/profile.json,"Grundschutz++-Anforderungen, umgesetzt durch Red Hat Enterprise Linux 9 (Artefakt gs-plusplus-rhel-host).",DET.5.10.2 KONF.8.1 KONF.8.1.1,https://oscal-compass.github.io/compliance-trestle/schemas/oscal/cd,,,,,,,,
Red Hat Enterprise Linux 9,Red Hat Enterprise Linux 9,software,gspp_impl_det_3_1_6,Narrative implementation seed for DET.3.1.6 (no CaC rule binding),trestle://profiles/gs-plusplus-rhel-host/profile.json,"Grundschutz++-Anforderungen, umgesetzt durch Red Hat Enterprise Linux 9 (Artefakt gs-plusplus-rhel-host).",DET.3.1.6,https://oscal-compass.github.io/compliance-trestle/schemas/oscal/cd,,,,,,,,
Red Hat Enterprise Linux 9,Red Hat Enterprise Linux 9,software,dnf-automatic_apply_updates,configure dnf-automatic to install available updates automatically,trestle://profiles/gs-plusplus-rhel-host/profile.json,"Grundschutz++-Anforderungen, umgesetzt durch Red Hat Enterprise Linux 9 (Artefakt gs-plusplus-rhel-host).",KONF.8.1.1,https://oscal-compass.github.io/compliance-trestle/schemas/oscal/cd,,,,,,,,
Red Hat Enterprise Linux 9,Red Hat Enterprise Linux 9,software,dnf-automatic_security_updates_only,configure dnf-automatic to install only security updates,trestle://profiles/gs-plusplus-rhel-host/profile.json,"Grundschutz++-Anforderungen, umgesetzt durch Red Hat Enterprise Linux 9 (Artefakt gs-plusplus-rhel-host).",KONF.8.1.1,https://oscal-compass.github.io/compliance-trestle/schemas/oscal/cd,,,,,,,,
Red Hat Enterprise Linux 9,Red Hat Enterprise Linux 9,software,install_hids,install intrusion detection software,trestle://profiles/gs-plusplus-rhel-host/profile.json,"Grundschutz++-Anforderungen, umgesetzt durch Red Hat Enterprise Linux 9 (Artefakt gs-plusplus-rhel-host).",DET.4.2,https://oscal-compass.github.io/compliance-trestle/schemas/oscal/cd,,,,,,,,
Red Hat Enterprise Linux 9,Red Hat Enterprise Linux 9,software,audit_rules_mac_modification,audit rules mac modification,trestle://profiles/gs-plusplus-rhel-host/profile.json,"Grundschutz++-Anforderungen, umgesetzt durch Red Hat Enterprise Linux 9 (Artefakt gs-plusplus-rhel-host).",DET.4.4,https://oscal-compass.github.io/compliance-trestle/schemas/oscal/cd,,,,,,,,
Red Hat Enterprise Linux 9,Red Hat Enterprise Linux 9,software,audit_rules_sudoers,audit rules sudoers,trestle://profiles/gs-plusplus-rhel-host/profile.json,"Grundschutz++-Anforderungen, umgesetzt durch Red Hat Enterprise Linux 9 (Artefakt gs-plusplus-rhel-host).",DET.4.4,https://oscal-compass.github.io/compliance-trestle/schemas/oscal/cd,,,,,,,,
Red Hat Enterprise Linux 9,Red Hat Enterprise Linux 9,software,audit_rules_sudoers_d,audit rules sudoers d,trestle://profiles/gs-plusplus-rhel-host/profile.json,"Grundschutz++-Anforderungen, umgesetzt durch Red Hat Enterprise Linux 9 (Artefakt gs-plusplus-rhel-host).",DET.4.4,https://oscal-compass.github.io/compliance-trestle/schemas/oscal/cd,,,,,,,,
Red Hat Enterprise Linux 9,Red Hat Enterprise Linux 9,software,audit_rules_usergroup_modification_pamd,audit rules usergroup modification pamd,trestle://profiles/gs-plusplus-rhel-host/profile.json,"Grundschutz++-Anforderungen, umgesetzt durch Red Hat Enterprise Linux 9 (Artefakt gs-plusplus-rhel-host).",DET.4.4,https://oscal-compass.github.io/compliance-trestle/schemas/oscal/cd,,,,,,,,
Red Hat Enterprise Linux 9,Red Hat Enterprise Linux 9,software,gspp_impl_det_4_1,Narrative implementation seed for DET.4.1 (no CaC rule binding),trestle://profiles/gs-plusplus-rhel-host/profile.json,"Grundschutz++-Anforderungen, umgesetzt durch Red Hat Enterprise Linux 9 (Artefakt gs-plusplus-rhel-host).",DET.4.1,https://oscal-compass.github.io/compliance-trestle/schemas/oscal/cd,,,,,,,,
Red Hat Enterprise Linux 9,Red Hat Enterprise Linux 9,software,grub2_uefi_password,The grub2 boot loader should have a superuser account and password protection enabled to protect boot-time settings.,trestle://profiles/gs-plusplus-rhel-host/profile.json,"Grundschutz++-Anforderungen, umgesetzt durch Red Hat Enterprise Linux 9 (Artefakt gs-plusplus-rhel-host).",KONF.5.1.1,https://oscal-compass.github.io/compliance-trestle/schemas/oscal/cd,,,,,,,,
Red Hat Enterprise Linux 9,Red Hat Enterprise Linux 9,software,grub2_uefi_admin_username,The grub2 boot loader should have a superuser account and password protection enabled to protect boot-time settings.,trestle://profiles/gs-plusplus-rhel-host/profile.json,"Grundschutz++-Anforderungen, umgesetzt durch Red Hat Enterprise Linux 9 (Artefakt gs-plusplus-rhel-host).",KONF.5.1.1,https://oscal-compass.github.io/compliance-trestle/schemas/oscal/cd,,,,,,,,
Red Hat Enterprise Linux 9,Red Hat Enterprise Linux 9,software,gspp_impl_det_4_10,Narrative implementation seed for DET.4.10 (no CaC rule binding),trestle://profiles/gs-plusplus-rhel-host/profile.json,"Grundschutz++-Anforderungen, umgesetzt durch Red Hat Enterprise Linux 9 (Artefakt gs-plusplus-rhel-host).",DET.4.10,https://oscal-compass.github.io/compliance-trestle/schemas/oscal/cd,,,,,,,,
Red Hat Enterprise Linux 9,Red Hat Enterprise Linux 9,software,gspp_impl_det_4_9,Narrative implementation seed for DET.4.9 (no CaC rule binding),trestle://profiles/gs-plusplus-rhel-host/profile.json,"Grundschutz++-Anforderungen, umgesetzt durch Red Hat Enterprise Linux 9 (Artefakt gs-plusplus-rhel-host).",DET.4.9,https://oscal-compass.github.io/compliance-trestle/schemas/oscal/cd,,,,,,,,
Red Hat Enterprise Linux 9,Red Hat Enterprise Linux 9,software,gspp_impl_det_4_13,Narrative implementation seed for DET.4.13 (no CaC rule binding),trestle://profiles/gs-plusplus-rhel-host/profile.json,"Grundschutz++-Anforderungen, umgesetzt durch Red Hat Enterprise Linux 9 (Artefakt gs-plusplus-rhel-host).",DET.4.13,https://oscal-compass.github.io/compliance-trestle/schemas/oscal/cd,,,,,,,,
Red Hat Enterprise Linux 9,Red Hat Enterprise Linux 9,software,gspp_impl_det_4_15,Narrative implementation seed for DET.4.15 (no CaC rule binding),trestle://profiles/gs-plusplus-rhel-host/profile.json,"Grundschutz++-Anforderungen, umgesetzt durch Red Hat Enterprise Linux 9 (Artefakt gs-plusplus-rhel-host).",DET.4.15,https://oscal-compass.github.io/compliance-trestle/schemas/oscal/cd,,,,,,,,
Red Hat Enterprise Linux 9,Red Hat Enterprise Linux 9,software,gspp_impl_det_4_16,Narrative implementation seed for DET.4.16 (no CaC rule binding),trestle://profiles/gs-plusplus-rhel-host/profile.json,"Grundschutz++-Anforderungen, umgesetzt durch Red Hat Enterprise Linux 9 (Artefakt gs-plusplus-rhel-host).",DET.4.16,https://oscal-compass.github.io/compliance-trestle/schemas/oscal/cd,,,,,,,,
Red Hat Enterprise Linux 9,Red Hat Enterprise Linux 9,software,gspp_impl_det_5_10_3,Narrative implementation seed for DET.5.10.3 (no CaC rule binding),trestle://profiles/gs-plusplus-rhel-host/profile.json,"Grundschutz++-Anforderungen, umgesetzt durch Red Hat Enterprise Linux 9 (Artefakt gs-plusplus-rhel-host).",DET.5.10.3,https://oscal-compass.github.io/compliance-trestle/schemas/oscal/cd,,,,,,,,
Red Hat Enterprise Linux 9,Red Hat Enterprise Linux 9,software,mount_option_home_usrquota,The usrquota mount option allows for the filesystem to have disk quotas configured.,trestle://profiles/gs-plusplus-rhel-host/profile.json,"Grundschutz++-Anforderungen, umgesetzt durch Red Hat Enterprise Linux 9 (Artefakt gs-plusplus-rhel-host).",KONF.9.1,https://oscal-compass.github.io/compliance-trestle/schemas/oscal/cd,,,,,,,,
Red Hat Enterprise Linux 9,Red Hat Enterprise Linux 9,software,mount_option_home_grpquota,The grpquota mount option allows for the filesystem to have disk quotas configured.,trestle://profiles/gs-plusplus-rhel-host/profile.json,"Grundschutz++-Anforderungen, umgesetzt durch Red Hat Enterprise Linux 9 (Artefakt gs-plusplus-rhel-host).",KONF.9.1,https://oscal-compass.github.io/compliance-trestle/schemas/oscal/cd,,,,,,,,
Red Hat Enterprise Linux 9,Red Hat Enterprise Linux 9,software,gspp_impl_konf_9_2,Narrative implementation seed for KONF.9.2 (no CaC rule binding),trestle://profiles/gs-plusplus-rhel-host/profile.json,"Grundschutz++-Anforderungen, umgesetzt durch Red Hat Enterprise Linux 9 (Artefakt gs-plusplus-rhel-host).",KONF.9.2,https://oscal-compass.github.io/compliance-trestle/schemas/oscal/cd,,,,,,,,
